Time PST,Temp (F),Humidity,Wind Speed (in HG),Wind Gust (MPH)
2024-01-16 12:57:00,60,65,0.87,6.08
2024-01-16 13:57:00,63,59,2.61,6.08
2024-01-16 14:57:00,62,61,2.61,6.08
2024-01-16 15:57:00,60,66,3.48,6.08
2024-01-16 16:57:00,58,75,1.74,4.34
2024-01-16 18:57:00,55,86,2.61,3.48
2024-01-16 22:57:00,56,75,2.61,6.95
2024-01-16 23:57:00,56,74,2.61,6.95
2024-01-17 01:57:00,55,75,2.61,5.21
2024-01-17 02:57:00,56,71,3.48,6.08
2024-01-17 03:57:00,55,72,5.21,8.69
2024-01-17 04:57:00,54,71,5.21,10.43
2024-01-17 05:57:00,53,72,4.34,10.43
2024-01-17 06:57:00,53,71,5.21,9.56
2024-01-17 07:57:00,55,68,6.08,12.17
2024-01-17 08:57:00,58,59,6.95,13.03
2024-01-17 09:57:00,64,55,4.34,10.43
2024-01-17 10:57:00,65,55,3.48,9.56
2024-01-17 11:57:00,68,51,1.74,7.82
2024-01-17 12:57:00,60,65,0.87,6.08
2024-01-17 13:57:00,63,59,2.61,6.08
2024-01-17 14:57:00,62,61,2.61,6.08
2024-01-17 15:57:00,60,66,3.48,6.08
2024-01-17 16:57:00,58,75,1.74,4.34
2024-01-17 17:57:00,59,77,2.61,9.56
2024-01-17 18:57:00,55,86,2.61,3.48
2024-01-17 19:57:00,55,89,2.61,3.48
2024-01-17 20:57:00,54,93,0.87,2.61
2024-01-17 21:57:00,54,91,3.48,3.48
2024-01-17 22:57:00,56,75,2.61,6.95
2024-01-17 23:57:00,56,74,2.61,6.95
2024-01-18 01:57:00,55,75,2.61,5.21
2024-01-18 02:57:00,56,71,3.48,6.08
2024-01-18 03:57:00,55,72,5.21,8.69
2024-01-18 04:57:00,54,71,5.21,10.43
2024-01-18 05:57:00,53,72,4.34,10.43
2024-01-18 06:57:00,53,71,5.21,9.56
2024-01-18 07:57:00,55,68,6.08,12.17
2024-01-18 08:57:00,58,59,6.95,13.03
2024-01-18 09:57:00,64,55,4.34,10.43
2024-01-18 10:57:00,65,55,3.48,9.56
2024-01-18 11:57:00,68,51,1.74,7.82
2024-01-18 12:57:00,70,47,1.74,6.95
2024-01-18 13:57:00,70,48,3.48,6.95
2024-01-18 14:57:00,70,46,3.48,7.82
2024-01-18 15:57:00,67,50,1.74,6.08
2024-01-18 16:57:00,63,67,3.48,7.82
2024-01-18 17:57:00,59,77,2.61,9.56
2024-01-18 18:57:00,58,65,2.61,6.08
2024-01-18 19:57:00,55,89,2.61,3.48
2024-01-18 20:57:00,54,93,0.87,2.61
2024-01-18 21:57:00,54,91,3.48,3.48
2024-01-18 22:57:00,57,81,1.74,5.21
2024-01-18 23:57:00,53,81,4.34,7.82
2024-01-19 01:57:00,51,89,1.74,3.48
2024-01-19 02:57:00,51,89,0.87,2.61
2024-01-19 03:57:00,51,79,4.34,7.82
2024-01-19 04:57:00,54,82,2.61,3.48
2024-01-19 05:57:00,53,86,1.74,3.48
2024-01-19 06:57:00,54,82,1.74,3.48
2024-01-19 07:57:00,55,58,1.74,6.95
2024-01-19 08:57:00,61,51,1.74,6.95
2024-01-19 09:57:00,63,51,0.87,3.48
2024-01-19 10:57:00,63,53,6.08,8.69
2024-01-19 11:57:00,67,54,2.61,11.3
2024-01-19 12:57:00,67,51,2.61,6.08
2024-01-19 13:57:00,70,40,3.48,8.69
2024-01-19 14:57:00,72,42,1.74,7.82
2024-01-19 15:57:00,69,46,3.48,6.08
2024-01-19 16:57:00,63,52,0.87,6.95
2024-01-19 17:57:00,60,54,1.74,3.48
2024-01-19 18:57:00,58,65,2.61,6.08
2024-01-19 19:57:00,57,79,1.74,2.61
2024-01-19 20:57:00,57,70,0.87,4.34
2024-01-19 21:57:00,57,76,2.61,5.21
2024-01-19 22:57:00,57,81,1.74,5.21
2024-01-19 23:57:00,57,79,3.48,6.08
2024-01-20 01:57:00,55,94,2.61,7.82
2024-01-20 02:57:00,54,83,4.34,6.08
2024-01-20 03:57:00,55,80,0.87,5.21
2024-01-20 04:57:00,54,82,2.61,3.48
2024-01-20 05:57:00,53,86,1.74,3.48
2024-01-20 06:57:00,54,82,1.74,3.48
2024-01-20 07:57:00,55,90,0.87,5.21
2024-01-20 08:57:00,58,68,1.74,6.08
2024-01-20 09:57:00,61,79,1.74,4.34
2024-01-20 10:57:00,60,74,1.74,3.48
2024-01-20 11:57:00,56,90,4.34,9.56
2024-01-20 12:57:00,55,87,0.87,6.95
2024-01-20 13:57:00,54,95,4.34,12.17
2024-01-20 14:57:00,55,92,2.61,8.69
2024-01-20 15:57:00,56,88,2.61,10.43
2024-01-20 16:57:00,56,92,2.61,6.08
2024-01-20 17:57:00,55,92,1.74,5.21
2024-01-20 18:57:00,55,95,2.61,4.34
2024-01-20 19:57:00,55,96,1.74,5.21
2024-01-20 20:57:00,55,97,1.74,6.08
2024-01-20 21:57:00,55,97,3.48,6.08
2024-01-20 22:57:00,55,95,2.61,6.95
2024-01-20 23:57:00,54,100,0.87,3.48
2024-01-21 01:57:00,55,94,2.61,7.82
2024-01-21 02:57:00,54,98,2.61,5.21
2024-01-21 03:57:00,55,97,4.34,9.56
2024-01-21 04:57:00,54,94,1.74,5.21
2024-01-21 05:57:00,54,92,2.61,6.08
2024-01-21 06:57:00,54,91,1.74,7.82
2024-01-21 07:57:00,55,90,0.87,5.21
2024-01-21 08:57:00,57,88,0.87,3.48
2024-01-21 09:57:00,61,79,1.74,4.34
2024-01-21 10:57:00,56,90,4.34,18.25
2024-01-21 11:57:00,65,70,0.87,3.48
2024-01-21 12:57:00,66,63,2.61,6.95
2024-01-21 13:57:00,62,72,5.21,10.43
2024-01-21 14:57:00,63,68,1.74,7.82
2024-01-21 15:57:00,57,96,2.61,6.95
2024-01-21 16:57:00,61,75,1.74,4.34
2024-01-21 17:57:00,55,99,1.74,5.21
2024-01-21 18:57:00,58,84,0.87,5.21
2024-01-21 19:57:00,57,89,1.74,4.34
2024-01-21 20:57:00,57,92,1.74,4.34
2024-01-21 21:57:00,57,89,1.74,5.21
2024-01-21 22:57:00,56,89,0.87,6.08
2024-01-21 23:57:00,56,86,2.61,6.08
2024-01-22 01:57:00,56,92,3.48,6.08
2024-01-22 02:57:00,57,82,4.34,10.43
2024-01-22 03:57:00,55,97,4.34,9.56
2024-01-22 04:57:00,54,97,2.61,9.56
2024-01-22 05:57:00,54,98,5.21,8.69
2024-01-22 06:57:00,55,99,3.48,11.3
2024-01-22 08:57:00,57,87,10.43,19.12
2024-01-22 09:57:00,57,80,6.08,19.99
2024-01-22 10:57:00,56,90,4.34,18.25
2024-01-22 11:57:00,56,93,6.95,13.9
2024-01-22 12:57:00,56,95,5.21,16.51
2024-01-22 13:57:00,56,95,6.08,14.77
2024-01-22 14:57:00,57,94,2.61,11.3
2024-01-22 15:57:00,57,96,2.61,6.95
2024-01-22 16:57:00,56,98,3.48,8.69
2024-01-22 17:57:00,55,99,1.74,5.21
2024-01-22 18:57:00,54,99,2.61,5.21
2024-01-22 19:57:00,55,100,2.61,5.21
2024-01-22 20:57:00,55,85,2.61,6.95
2024-01-22 21:57:00,54,83,2.61,6.95
2024-01-22 22:57:00,54,80,3.48,6.08
2024-01-22 23:57:00,54,78,2.61,7.82
2024-01-23 01:57:00,53,99,0.87,3.48
2024-01-23 02:57:00,54,77,2.61,7.82
2024-01-23 03:57:00,53,74,4.34,8.69
2024-01-23 04:57:00,53,71,6.08,13.03
2024-01-23 05:57:00,53,94,0.87,2.61
2024-01-23 06:57:00,53,91,0.87,4.34
2024-01-23 07:57:00,52,76,1.74,6.95
2024-01-23 08:57:00,58,81,1.74,5.21
2024-01-23 09:57:00,60,83,1.74,3.48
2024-01-23 10:57:00,64,69,3.48,7.82
2024-01-23 11:57:00,67,60,3.48,9.56
2024-01-23 12:57:00,68,56,2.61,6.95
2024-01-23 13:57:00,69,51,4.34,7.82
2024-01-23 14:57:00,69,55,5.21,8.69
2024-01-23 15:57:00,67,55,6.08,12.17
2024-01-23 16:57:00,64,60,1.74,10.43
2024-01-23 17:57:00,59,76,2.61,4.34
2024-01-23 18:57:00,58,85,1.74,6.95
2024-01-23 19:57:00,57,85,2.61,5.21
2024-01-23 20:57:00,55,85,2.61,6.95
2024-01-23 21:57:00,54,83,2.61,6.95
2024-01-23 22:57:00,54,80,3.48,6.08
2024-01-23 23:57:00,54,78,2.61,7.82
2024-01-24 01:57:00,54,76,4.34,8.69
2024-01-24 02:57:00,54,77,2.61,7.82
2024-01-24 03:57:00,53,74,4.34,8.69
2024-01-24 04:57:00,53,71,6.08,13.03
2024-01-24 05:57:00,51,76,4.34,12.17
2024-01-24 06:57:00,51,76,3.48,9.56
2024-01-24 07:57:00,52,76,1.74,6.95
2024-01-24 08:57:00,54,73,2.61,6.95
2024-01-24 09:57:00,55,73,0.87,6.95
2024-01-24 10:57:00,62,81,3.48,6.08
2024-01-24 11:57:00,62,68,0.87,3.48
2024-01-24 12:57:00,62,65,1.74,4.34
2024-01-24 13:57:00,62,64,1.74,4.34
2024-01-24 14:57:00,65,65,4.34,10.43
2024-01-24 15:57:00,60,69,0.87,3.48
2024-01-24 16:57:00,59,71,1.74,4.34
2024-01-24 17:57:00,58,83,2.61,4.34
2024-01-24 18:57:00,58,85,1.74,6.95
2024-01-24 19:57:00,57,85,2.61,5.21
2024-01-24 20:57:00,56,90,0.87,6.08
2024-01-24 21:57:00,56,91,0.87,2.61
2024-01-24 22:57:00,56,94,0.87,2.61
2024-01-24 23:57:00,52,83,0.87,8.69
2024-01-25 01:57:00,52,76,2.61,6.95
2024-01-25 02:57:00,48,91,0.87,3.48
2024-01-25 03:57:00,54,100,0.87,2.61
2024-01-25 04:57:00,50,71,2.61,8.69
2024-01-25 05:57:00,54,99,0.87,2.61
2024-01-25 06:57:00,54,100,1.74,2.61
2024-01-25 07:57:00,53,61,4.34,10.43
2024-01-25 08:57:00,56,98,1.74,4.34
2024-01-25 09:57:00,57,96,2.61,5.21
2024-01-25 10:57:00,62,81,3.48,6.08
2024-01-25 11:57:00,63,69,1.74,6.08
2024-01-25 12:57:00,66,65,2.61,5.21
2024-01-25 13:57:00,68,60,5.21,8.69
2024-01-25 14:57:00,65,65,4.34,10.43
2024-01-25 15:57:00,65,65,6.95,12.17
2024-01-25 16:57:00,62,71,4.34,10.43
2024-01-25 17:57:00,59,77,3.48,6.95
2024-01-25 18:57:00,57,82,2.61,6.08
2024-01-25 19:57:00,61,48,5.21,9.56
2024-01-25 20:57:00,51,95,2.61,3.48
2024-01-25 21:57:00,51,94,1.74,3.48
2024-01-25 22:57:00,52,92,2.61,5.21
2024-01-25 23:57:00,52,83,0.87,8.69
2024-01-26 01:57:00,52,76,2.61,6.95
2024-01-26 02:57:00,48,91,0.87,3.48
2024-01-26 03:57:00,49,78,1.74,7.82
2024-01-26 04:57:00,50,71,2.61,8.69
2024-01-26 05:57:00,49,73,3.48,8.69
2024-01-26 06:57:00,50,67,6.95,10.43
2024-01-26 07:57:00,53,61,4.34,10.43
2024-01-26 08:57:00,58,52,3.48,9.56
2024-01-26 09:57:00,65,51,2.61,6.08
2024-01-26 10:57:00,69,40,1.74,5.21
2024-01-26 11:57:00,70,39,1.74,6.08
2024-01-26 12:57:00,71,40,3.48,6.08
2024-01-26 13:57:00,73,37,3.48,6.95
2024-01-26 14:57:00,75,34,0.87,6.08
2024-01-26 15:57:00,74,34,1.74,4.34
2024-01-26 16:57:00,71,40,1.74,3.48
2024-01-26 17:57:00,62,57,2.61,5.21
2024-01-26 18:57:00,62,52,2.61,7.82
2024-01-26 19:57:00,61,48,5.21,9.56
2024-01-26 20:57:00,60,48,0.87,12.17
2024-01-26 21:57:00,59,50,4.34,9.56
2024-01-26 22:57:00,59,48,5.21,11.3
2024-01-26 23:57:00,59,45,6.95,13.9
2024-01-27 01:57:00,57,45,2.61,13.03
2024-01-27 02:57:00,56,48,3.48,11.3
2024-01-27 03:57:00,57,47,6.08,12.17
2024-01-27 04:57:00,56,48,3.48,11.3
2024-01-27 05:57:00,56,48,4.34,11.3
2024-01-27 06:57:00,56,51,2.61,11.3
2024-01-27 07:57:00,60,48,1.74,10.43
2024-01-27 08:57:00,66,42,1.74,5.21
2024-01-27 09:57:00,70,31,1.74,3.48
2024-01-27 10:57:00,75,23,1.74,4.34
2024-01-27 11:57:00,76,20,4.34,7.82
2024-01-27 12:57:00,77,20,5.21,9.56
2024-01-27 13:57:00,80,19,5.21,10.43
2024-01-27 14:57:00,79,20,5.21,8.69
2024-01-27 15:57:00,79,21,5.21,8.69
2024-01-27 16:57:00,73,26,2.61,7.82
2024-01-27 17:57:00,68,38,0.87,2.61
2024-01-27 18:57:00,65,43,0.87,5.21
2024-01-27 19:57:00,64,37,5.21,10.43
2024-01-27 20:57:00,64,42,6.95,12.17
2024-01-27 21:57:00,62,47,4.34,10.43
2024-01-27 22:57:00,61,48,6.08,11.3
2024-01-27 23:57:00,62,45,5.21,11.3
2024-01-28 01:57:00,61,46,4.34,11.3
2024-01-28 02:57:00,60,49,2.61,8.69
2024-01-28 03:57:00,60,48,3.48,12.17
2024-01-28 04:57:00,60,48,4.34,10.43
2024-01-28 05:57:00,59,49,3.48,9.56
2024-01-28 06:57:00,60,48,3.48,9.56
2024-01-28 07:57:00,61,47,2.61,8.69
2024-01-28 08:57:00,65,44,3.48,8.69
2024-01-28 09:57:00,74,33,2.61,6.08
2024-01-28 10:57:00,79,22,1.74,4.34
2024-01-28 11:57:00,80,20,1.74,7.82
2024-01-28 12:57:00,80,23,3.48,8.69
2024-01-28 13:57:00,82,22,4.34,7.82
2024-01-28 14:57:00,79,21,5.21,11.3
2024-01-28 15:57:00,77,18,5.21,10.43
2024-01-28 16:57:00,73,23,2.61,6.95
2024-01-28 17:57:00,68,32,2.61,6.95
2024-01-28 18:57:00,64,37,3.48,6.95
2024-01-28 19:57:00,64,37,5.21,10.43
2024-01-28 20:57:00,64,39,5.21,13.03
2024-01-28 21:57:00,63,41,6.95,15.64
2024-01-28 22:57:00,63,42,6.95,14.77
2024-01-28 23:57:00,62,42,6.08,15.64
2024-01-29 01:57:00,61,43,7.82,14.77
2024-01-29 02:57:00,61,42,7.82,14.77
2024-01-29 03:57:00,61,42,6.08,13.03
2024-01-29 04:57:00,61,41,5.21,13.03
2024-01-29 05:57:00,60,42,6.08,15.64
2024-01-29 06:57:00,60,44,5.21,13.9
2024-01-29 07:57:00,63,39,6.95,14.77
2024-01-29 08:57:00,67,35,4.34,13.9
2024-01-29 09:57:00,74,28,1.74,11.3
2024-01-29 10:57:00,78,24,1.74,4.34
2024-01-29 11:57:00,80,21,2.61,6.08
2024-01-29 12:57:00,81,18,2.61,7.82
2024-01-29 13:57:00,82,18,3.48,6.95
2024-01-29 14:57:00,83,18,3.48,8.69
2024-01-29 15:57:00,81,19,2.61,7.82
2024-01-29 16:57:00,78,23,1.74,6.08
2024-01-29 17:57:00,68,32,2.61,6.95
2024-01-29 18:57:00,67,37,4.34,8.69
2024-01-29 19:57:00,65,40,2.61,7.82
2024-01-29 20:57:00,64,41,0.87,7.82
2024-01-29 21:57:00,64,40,4.34,12.17
2024-01-29 22:57:00,63,40,4.34,8.69
2024-01-29 23:57:00,62,41,5.21,11.3
2024-01-30 01:57:00,60,42,4.34,9.56
2024-01-30 02:57:00,60,42,4.34,9.56
2024-01-30 03:57:00,60,40,6.95,13.9
2024-01-30 04:57:00,60,38,6.95,14.77
2024-01-30 05:57:00,58,43,5.21,13.03
2024-01-30 06:57:00,56,47,2.61,13.03
2024-01-30 07:57:00,64,32,6.08,16.51
2024-01-30 08:57:00,67,33,2.61,14.77
2024-01-30 09:57:00,74,27,3.48,8.69
2024-01-30 10:57:00,77,24,1.74,6.95
2024-01-30 11:57:00,79,21,2.61,6.08
2024-01-30 12:57:00,80,22,3.48,6.95
2024-01-30 13:57:00,82,17,0.87,6.08
2024-01-30 14:57:00,79,21,3.48,7.82
2024-01-30 15:57:00,77,26,5.21,8.69
2024-01-30 16:57:00,70,44,4.34,9.56
2024-01-30 17:57:00,66,49,1.74,6.95
2024-01-30 18:57:00,64,50,1.74,5.21
2024-01-30 19:57:00,60,59,2.61,4.34
2024-01-30 20:57:00,57,70,0.87,3.48
2024-01-30 21:57:00,53,96,1.74,4.34
2024-01-30 22:57:00,54,70,2.61,3.48
2024-01-30 23:57:00,55,64,0.87,3.48
2024-01-31 01:57:00,59,45,3.48,13.03
2024-01-31 02:57:00,56,67,5.21,12.17
2024-01-31 03:57:00,60,43,5.21,9.56
2024-01-31 04:57:00,50,83,6.95,13.9
2024-01-31 05:57:00,56,53,0.87,3.48
2024-01-31 06:57:00,54,67,0.87,6.95
2024-01-31 07:57:00,49,90,6.95,14.77
2024-01-31 08:57:00,62,53,0.87,3.48
2024-01-31 09:57:00,68,41,0.87,3.48
2024-01-31 10:57:00,72,32,0.87,4.34
2024-01-31 11:57:00,73,31,3.48,6.95
2024-01-31 12:57:00,74,31,4.34,10.43
2024-01-31 13:57:00,74,43,6.08,11.3
2024-01-31 14:57:00,69,44,4.34,12.17
2024-01-31 15:57:00,67,48,3.48,7.82
2024-01-31 16:57:00,63,57,2.61,6.95
2024-01-31 17:57:00,58,71,2.61,6.08
2024-01-31 18:57:00,56,78,2.61,3.48
2024-01-31 19:57:00,53,83,1.74,4.34
2024-01-31 20:57:00,53,92,2.61,5.21
2024-01-31 21:57:00,53,96,1.74,4.34
2024-01-31 22:57:00,52,88,0.87,3.48
2024-01-31 23:57:00,54,76,4.34,8.69
2024-02-01 01:57:00,56,52,3.48,10.43
2024-02-01 02:57:00,56,67,5.21,12.17
2024-02-01 03:57:00,54,76,3.48,11.3
2024-02-01 04:57:00,50,83,6.95,13.9
2024-02-01 05:57:00,49,86,7.82,17.38
2024-02-01 06:57:00,49,89,6.08,15.64
2024-02-01 07:57:00,49,90,6.95,14.77
2024-02-01 08:57:00,49,92,5.21,14.77
2024-02-01 09:57:00,50,91,5.21,18.25
2024-02-01 10:57:00,51,93,5.21,23.46
2024-02-01 11:57:00,52,86,3.48,13.03
2024-02-01 12:57:00,53,89,0.87,8.69
2024-02-01 13:57:00,53,91,1.74,7.82
2024-02-01 14:57:00,55,84,1.74,5.21
2024-02-01 15:57:00,56,82,0.87,2.61
2024-02-01 16:57:00,56,84,1.74,2.61
2024-02-01 17:57:00,52,95,2.61,3.48
2024-02-01 18:57:00,52,95,1.74,2.61
2024-02-01 19:57:00,52,95,1.74,2.61
2024-02-01 20:57:00,52,97,3.48,6.08
2024-02-01 22:57:00,49,96,0.87,2.61
2024-02-01 23:57:00,48,100,1.74,2.61
2024-02-02 01:57:00,47,100,0.87,4.34
2024-02-02 02:57:00,48,100,0.87,1.74
2024-02-02 03:57:00,47,100,0.87,2.61
2024-02-02 04:57:00,47,99,0.87,3.48
2024-02-02 05:57:00,45,100,0.87,2.61
2024-02-02 06:57:00,46,95,2.61,4.34
2024-02-02 07:57:00,51,90,0.87,6.08
2024-02-02 08:57:00,57,55,4.34,12.17
2024-02-02 09:57:00,57,75,1.74,6.95
2024-02-02 10:57:00,60,64,4.34,8.69
2024-02-02 11:57:00,61,57,4.34,9.56
2024-02-02 12:57:00,64,48,4.34,10.43
2024-02-02 13:57:00,65,45,6.08,11.3
2024-02-02 14:57:00,65,50,5.21,11.3
2024-02-02 15:57:00,62,56,6.95,15.64
2024-02-02 16:57:00,59,62,6.95,15.64
2024-02-02 17:57:00,55,76,4.34,10.43
2024-02-02 18:57:00,55,79,3.48,8.69
2024-02-02 19:57:00,53,72,2.61,3.48
2024-02-02 20:57:00,53,71,4.34,6.95
2024-02-02 21:57:00,52,79,1.74,6.08
2024-02-02 22:57:00,49,96,0.87,2.61
2024-02-02 23:57:00,50,93,0.87,3.48
2024-02-03 01:57:00,49,94,0.87,4.34
2024-02-03 02:57:00,49,91,2.61,6.08
2024-02-03 03:57:00,50,87,3.48,6.08
2024-02-03 04:57:00,49,89,1.74,6.08
2024-02-03 05:57:00,50,81,3.48,7.82
2024-02-03 06:57:00,49,81,3.48,7.82
2024-02-03 07:57:00,51,74,5.21,9.56
2024-02-03 08:57:00,57,55,4.34,12.17
2024-02-03 09:57:00,59,57,4.34,12.17
2024-02-03 10:57:00,61,54,3.48,12.17
2024-02-03 11:57:00,62,48,5.21,9.56
2024-02-03 12:57:00,63,46,4.34,8.69
2024-02-03 13:57:00,62,43,3.48,7.82
2024-02-03 14:57:00,60,49,3.48,7.82
2024-02-03 15:57:00,59,47,2.61,8.69
2024-02-03 16:57:00,57,59,3.48,7.82
2024-02-03 17:57:00,55,65,1.74,5.21
2024-02-03 18:57:00,53,69,1.74,3.48
2024-02-03 19:57:00,53,72,2.61,3.48
2024-02-03 20:57:00,53,71,4.34,6.95
2024-02-03 21:57:00,52,79,1.74,6.08
2024-02-03 22:57:00,51,90,0.87,4.34
2024-02-03 23:57:00,49,80,6.95,13.03
2024-02-04 01:57:00,50,78,5.21,14.77
2024-02-04 02:57:00,51,80,4.34,11.3
2024-02-04 03:57:00,51,83,2.61,7.82
2024-02-04 04:57:00,52,72,5.21,9.56
2024-02-04 05:57:00,52,71,6.08,12.17
2024-02-04 06:57:00,52,75,2.61,9.56
2024-02-04 07:57:00,53,75,2.61,6.95
2024-02-04 08:57:00,55,73,2.61,7.82
2024-02-04 09:57:00,56,64,4.34,8.69
2024-02-04 10:57:00,58,62,2.61,8.69
2024-02-04 11:57:00,59,52,6.08,11.3
2024-02-04 12:57:00,59,55,2.61,8.69
2024-02-04 13:57:00,58,55,5.21,11.3
2024-02-04 14:57:00,57,69,1.74,12.17
2024-02-04 15:57:00,53,93,3.48,7.82
2024-02-04 16:57:00,51,93,6.95,13.03
2024-02-04 17:57:00,50,94,8.69,15.64
2024-02-04 18:57:00,51,93,6.95,14.77
2024-02-04 19:57:00,52,98,5.21,13.9
2024-02-04 20:57:00,52,98,4.34,14.77
2024-02-04 21:57:00,52,99,3.48,10.43
2024-02-04 22:57:00,53,99,2.61,8.69
2024-02-04 23:57:00,52,99,4.34,6.95
2024-02-05 01:57:00,53,100,1.74,6.08
2024-02-05 02:57:00,53,100,4.34,7.82
2024-02-05 03:57:00,53,100,1.74,6.95
2024-02-05 04:57:00,53,100,3.48,7.82
2024-02-05 05:57:00,53,100,2.61,4.34
2024-02-05 06:57:00,51,100,2.61,6.95
2024-02-05 07:57:00,54,100,5.21,9.56
2024-02-05 08:57:00,54,100,4.34,7.82
2024-02-05 09:57:00,55,99,1.74,6.95
2024-02-05 10:57:00,55,97,2.61,5.21
2024-02-05 11:57:00,56,96,1.74,7.82
2024-02-05 12:57:00,48,85,3.48,13.03
2024-02-05 13:57:00,55,100,1.74,4.34
2024-02-05 14:57:00,55,100,0.87,6.95
2024-02-05 15:57:00,48,89,4.34,8.69
2024-02-05 16:57:00,53,96,5.21,9.56
2024-02-05 17:57:00,52,91,3.48,10.43
2024-02-05 18:57:00,53,86,3.48,11.3
2024-02-05 19:57:00,52,94,0.87,8.69
2024-02-05 20:57:00,51,100,0.87,5.21
2024-02-05 21:57:00,52,91,6.95,12.17
2024-02-05 22:57:00,52,93,5.21,13.9
2024-02-05 23:57:00,52,94,2.61,10.43
2024-02-06 01:57:00,51,99,2.61,5.21
2024-02-06 02:57:00,51,99,0.87,6.08
2024-02-06 03:57:00,51,99,2.61,6.08
2024-02-06 04:57:00,47,84,3.48,7.82
2024-02-06 05:57:00,51,99,0.87,6.95
2024-02-06 06:57:00,51,100,2.61,6.95
2024-02-06 07:57:00,51,99,2.61,6.08
2024-02-06 08:57:00,51,98,5.21,10.43
2024-02-06 09:57:00,49,90,6.95,12.17
2024-02-06 10:57:00,47,89,6.95,14.77
2024-02-06 11:57:00,48,84,7.82,15.64
2024-02-06 12:57:00,48,85,3.48,13.03
2024-02-06 13:57:00,46,93,6.08,12.17
2024-02-06 14:57:00,47,91,5.21,10.43
2024-02-06 15:57:00,48,89,4.34,8.69
2024-02-06 16:57:00,48,93,2.61,5.21
2024-02-06 17:57:00,47,96,1.74,6.95
2024-02-06 18:57:00,47,92,1.74,6.95
2024-02-06 19:57:00,49,96,2.61,6.95
2024-02-06 20:57:00,46,97,1.74,7.82
2024-02-06 21:57:00,49,99,4.34,14.77
2024-02-06 22:57:00,49,98,5.21,9.56
2024-02-06 23:57:00,47,88,1.74,6.95
2024-02-07 01:57:00,47,86,4.34,8.69
2024-02-07 02:57:00,47,85,4.34,8.69
2024-02-07 03:57:00,47,84,4.34,8.69
2024-02-07 04:57:00,47,84,3.48,7.82
2024-02-07 05:57:00,47,82,3.48,8.69
2024-02-07 06:57:00,46,82,5.21,11.3
2024-02-07 07:57:00,49,76,4.34,9.56
2024-02-07 08:57:00,54,67,2.61,9.56
2024-02-07 09:57:00,57,67,0.87,5.21
2024-02-07 10:57:00,59,58,4.34,8.69
2024-02-07 11:57:00,60,56,3.48,7.82
2024-02-07 12:57:00,60,56,3.48,8.69
2024-02-07 13:57:00,60,54,6.08,11.3
2024-02-07 14:57:00,61,52,7.82,13.03
2024-02-07 15:57:00,57,54,8.69,17.38
2024-02-07 16:57:00,55,63,6.08,13.03
2024-02-07 17:57:00,54,68,4.34,11.3
2024-02-07 18:57:00,53,77,4.34,10.43
2024-02-07 19:57:00,49,96,2.61,6.95
2024-02-07 20:57:00,49,99,0.87,6.08
2024-02-07 21:57:00,49,99,4.34,14.77
2024-02-07 22:57:00,49,98,5.21,9.56
2024-02-07 23:57:00,47,98,2.61,7.82
2024-02-08 01:57:00,45,89,3.48,11.3
2024-02-08 02:57:00,43,93,2.61,6.08
2024-02-08 03:57:00,41,98,1.74,3.48
2024-02-08 04:57:00,42,95,0.87,4.34
2024-02-08 05:57:00,41,97,0.87,6.08
2024-02-08 06:57:00,41,93,2.61,6.95
2024-02-08 07:57:00,46,86,1.74,4.34
2024-02-08 08:57:00,51,73,2.61,5.21
2024-02-08 09:57:00,53,64,1.74,5.21
2024-02-08 10:57:00,56,55,4.34,7.82
2024-02-08 11:57:00,58,44,4.34,7.82
2024-02-08 12:57:00,58,43,5.21,11.3
2024-02-08 13:57:00,60,41,3.48,9.56
2024-02-08 14:57:00,60,41,3.48,7.82
2024-02-08 15:57:00,59,40,1.74,6.95
2024-02-08 16:57:00,56,57,2.61,5.21
2024-02-08 17:57:00,52,68,1.74,4.34
2024-02-08 18:57:00,52,76,0.87,5.21
2024-02-08 19:57:00,50,68,1.74,4.34
2024-02-08 20:57:00,50,72,3.48,7.82
2024-02-08 21:57:00,50,75,4.34,11.3
2024-02-08 22:57:00,48,86,1.74,9.56
2024-02-08 23:57:00,48,82,5.21,9.56
2024-02-09 01:57:00,47,91,0.87,3.48
2024-02-09 02:57:00,47,83,4.34,9.56
2024-02-09 03:57:00,46,85,3.48,10.43
2024-02-09 04:57:00,46,83,3.48,11.3
2024-02-09 05:57:00,46,80,6.08,12.17
2024-02-09 06:57:00,45,79,5.21,11.3
2024-02-09 07:57:00,48,72,6.08,13.03
2024-02-09 08:57:00,53,64,1.74,13.03
2024-02-09 09:57:00,57,64,4.34,8.69
2024-02-09 10:57:00,59,52,4.34,9.56
2024-02-09 11:57:00,61,46,5.21,9.56
2024-02-09 12:57:00,62,46,3.48,10.43
2024-02-09 13:57:00,64,41,3.48,10.43
2024-02-09 14:57:00,60,43,4.34,9.56
2024-02-09 15:57:00,60,54,6.08,12.17
2024-02-09 16:57:00,57,60,5.21,13.03
2024-02-09 17:57:00,55,63,5.21,8.69
2024-02-09 18:57:00,53,65,2.61,8.69
2024-02-09 19:57:00,50,68,1.74,4.34
2024-02-09 20:57:00,52,50,6.08,11.3
2024-02-09 21:57:00,48,81,0.87,5.21
2024-02-09 22:57:00,47,83,2.61,6.95
2024-02-09 23:57:00,46,86,1.74,5.21
2024-02-10 01:57:00,46,72,5.21,12.17
2024-02-10 02:57:00,44,74,4.34,9.56
2024-02-10 03:57:00,43,78,0.87,7.82
2024-02-10 04:57:00,40,90,2.61,4.34
2024-02-10 05:57:00,42,84,2.61,8.69
2024-02-10 06:57:00,42,88,0.87,6.08
2024-02-10 07:57:00,49,74,1.74,7.82
2024-02-10 08:57:00,56,58,1.74,5.21
2024-02-10 09:57:00,58,54,1.74,7.82
2024-02-10 10:57:00,60,50,0.87,7.82
2024-02-10 11:57:00,63,37,2.61,7.82
2024-02-10 12:57:00,64,35,4.34,10.43
2024-02-10 13:57:00,65,28,5.21,12.17
2024-02-10 14:57:00,65,29,4.34,10.43
2024-02-10 15:57:00,64,27,3.48,9.56
2024-02-10 16:57:00,63,29,0.87,6.95
2024-02-10 17:57:00,57,37,6.08,10.43
2024-02-10 18:57:00,50,58,1.74,4.34
2024-02-10 19:57:00,51,57,1.74,6.95
2024-02-10 20:57:00,52,50,6.08,11.3
2024-02-10 21:57:00,51,47,6.08,13.9
2024-02-10 22:57:00,51,47,6.95,14.77
2024-02-10 23:57:00,50,48,8.69,16.51
2024-02-11 01:57:00,49,48,5.21,14.77
2024-02-11 02:57:00,48,49,6.08,13.9
2024-02-11 03:57:00,48,49,6.08,13.9
2024-02-11 04:57:00,48,47,5.21,15.64
2024-02-11 05:57:00,47,49,4.34,10.43
2024-02-11 06:57:00,47,46,7.82,13.9
2024-02-11 07:57:00,52,39,4.34,13.9
2024-02-11 08:57:00,57,33,3.48,11.3
2024-02-11 09:57:00,62,26,1.74,5.21
2024-02-11 10:57:00,63,25,1.74,6.08
2024-02-11 11:57:00,65,25,4.34,6.95
2024-02-11 12:57:00,66,24,4.34,11.3
2024-02-11 13:57:00,67,23,3.48,10.43
2024-02-11 14:57:00,68,22,2.61,7.82
2024-02-11 15:57:00,67,22,2.61,6.95
2024-02-11 16:57:00,64,27,4.34,7.82
2024-02-11 17:57:00,57,37,6.08,10.43
2024-02-11 18:57:00,52,46,2.61,6.95
2024-02-11 19:57:00,51,54,0.87,4.34
2024-02-11 20:57:00,52,52,4.34,9.56
2024-02-11 21:57:00,51,53,2.61,8.69
2024-02-11 22:57:00,51,53,3.48,9.56
2024-02-11 23:57:00,51,50,6.95,14.77
2024-02-12 01:57:00,50,54,4.34,10.43
2024-02-12 02:57:00,50,52,6.95,13.9
2024-02-12 03:57:00,49,53,4.34,13.03
2024-02-12 04:57:00,49,52,6.08,13.9
2024-02-12 05:57:00,49,52,5.21,12.17
2024-02-12 06:57:00,49,51,6.95,13.9
2024-02-12 07:57:00,52,47,5.21,12.17
2024-02-12 08:57:00,59,36,2.61,8.69
2024-02-12 09:57:00,63,29,2.61,6.95
2024-02-12 10:57:00,67,24,1.74,5.21
2024-02-12 11:57:00,69,21,3.48,10.43
2024-02-12 12:57:00,68,20,4.34,9.56
2024-02-12 13:57:00,70,19,2.61,11.3
2024-02-12 14:57:00,70,20,3.48,8.69
2024-02-12 15:57:00,70,23,2.61,6.95
2024-02-12 16:57:00,68,25,2.61,6.08
2024-02-12 17:57:00,58,41,4.34,6.95
2024-02-12 18:57:00,54,46,1.74,6.08
2024-02-12 19:57:00,51,56,0.87,4.34
2024-02-12 20:57:00,52,55,1.74,6.08
2024-02-12 21:57:00,49,91,0.87,4.34
2024-02-12 22:57:00,51,58,6.08,9.56
2024-02-12 23:57:00,48,66,1.74,5.21
2024-02-13 01:57:00,49,59,1.74,13.03
2024-02-13 02:57:00,49,58,1.74,6.08
2024-02-13 03:57:00,49,57,4.34,8.69
2024-02-13 04:57:00,50,53,2.61,9.56
2024-02-13 05:57:00,46,68,0.87,10.43
2024-02-13 06:57:00,46,64,1.74,5.21
2024-02-13 07:57:00,53,52,1.74,7.82
2024-02-13 08:57:00,58,45,1.74,5.21
2024-02-13 09:57:00,62,47,1.74,4.34
2024-02-13 10:57:00,64,46,1.74,6.08
2024-02-13 11:57:00,65,42,1.74,5.21
2024-02-13 12:57:00,67,37,3.48,6.95
2024-02-13 13:57:00,69,40,3.48,7.82
2024-02-13 14:57:00,69,34,3.48,9.56
2024-02-13 15:57:00,67,43,7.82,13.03
2024-02-13 16:57:00,63,54,5.21,10.43
2024-02-13 17:57:00,57,68,3.48,8.69
2024-02-13 18:57:00,55,81,3.48,5.21
2024-02-13 19:57:00,52,80,2.61,4.34
2024-02-13 21:57:00,49,91,0.87,4.34
2024-02-13 22:57:00,50,84,1.74,6.08
2024-02-13 23:57:00,49,84,1.74,6.08
2024-02-14 01:57:00,51,79,2.61,8.69
2024-02-14 02:57:00,51,76,3.48,9.56
2024-02-14 03:57:00,50,75,3.48,9.56
2024-02-14 04:57:00,50,75,3.48,9.56
2024-02-14 05:57:00,50,73,5.21,9.56
2024-02-14 06:57:00,50,71,4.34,10.43
2024-02-14 07:57:00,51,70,4.34,11.3
2024-02-14 08:57:00,53,65,3.48,7.82
2024-02-14 09:57:00,60,58,2.61,6.08
2024-02-14 10:57:00,63,52,1.74,6.08
2024-02-14 11:57:00,64,51,3.48,8.69
2024-02-14 12:57:00,65,48,3.48,9.56
2024-02-14 13:57:00,66,45,4.34,9.56
2024-02-14 14:57:00,67,44,4.34,8.69
2024-02-14 15:57:00,66,44,3.48,7.82
2024-02-14 16:57:00,64,49,3.48,6.95
2024-02-14 17:57:00,58,66,3.48,9.56
2024-02-14 18:57:00,55,72,3.48,6.08
2024-02-14 19:57:00,52,80,2.61,4.34
2024-02-14 20:57:00,52,80,2.61,4.34
2024-02-14 21:57:00,51,80,0.87,6.08
2024-02-14 22:57:00,49,86,0.87,3.48
2024-02-14 23:57:00,51,78,4.34,6.95
2024-02-15 01:57:00,50,84,0.87,6.95
2024-02-15 02:57:00,47,85,1.74,6.08
2024-02-15 03:57:00,47,83,0.87,5.21
2024-02-15 04:57:00,47,83,0.87,5.21
2024-02-15 05:57:00,48,83,1.74,4.34
2024-02-15 06:57:00,49,79,3.48,8.69
2024-02-15 07:57:00,53,68,5.21,9.56
2024-02-15 08:57:00,59,65,2.61,8.69
2024-02-15 09:57:00,63,59,1.74,6.08
2024-02-15 10:57:00,64,54,1.74,6.95
2024-02-15 11:57:00,65,52,2.61,8.69
2024-02-15 12:57:00,66,51,5.21,10.43
2024-02-15 13:57:00,68,48,4.34,10.43
2024-02-15 14:57:00,70,44,3.48,8.69
2024-02-15 15:57:00,68,50,5.21,9.56
2024-02-15 16:57:00,63,64,4.34,9.56
2024-02-15 17:57:00,59,77,4.34,8.69
2024-02-15 18:57:00,55,89,3.48,7.82
2024-02-15 19:57:00,54,97,1.74,5.21
2024-02-15 20:57:00,54,97,1.74,5.21
2024-02-15 22:57:00,53,86,3.48,5.21
2024-02-15 23:57:00,53,83,2.61,6.95
2024-02-16 01:57:00,52,77,4.34,9.56
2024-02-16 02:57:00,52,72,4.34,10.43
2024-02-16 03:57:00,51,71,3.48,9.56
2024-02-16 04:57:00,50,68,4.34,10.43
2024-02-16 05:57:00,50,67,4.34,9.56
2024-02-16 06:57:00,50,65,5.21,12.17
2024-02-16 07:57:00,51,67,3.48,9.56
2024-02-16 08:57:00,60,54,1.74,8.69
2024-02-16 09:57:00,62,60,0.87,5.21
2024-02-16 10:57:00,66,53,1.74,5.21
2024-02-16 11:57:00,68,51,0.87,6.95
2024-02-16 12:57:00,68,49,3.48,7.82
2024-02-16 13:57:00,70,44,2.61,7.82
2024-02-16 14:57:00,71,41,3.48,6.95
2024-02-16 15:57:00,70,42,4.34,8.69
2024-02-16 16:57:00,65,63,4.34,11.3
2024-02-16 17:57:00,59,77,1.74,7.82
2024-02-16 18:57:00,56,85,2.61,3.48
2024-02-16 19:57:00,55,92,1.74,3.48
2024-02-16 20:57:00,53,94,2.61,3.48
2024-02-16 21:57:00,53,94,2.61,3.48
2024-02-16 22:57:00,51,89,1.74,2.61
2024-02-16 23:57:00,49,91,0.87,2.61
2024-02-17 01:57:00,48,90,0.87,2.61
2024-02-17 02:57:00,48,97,1.74,3.48
2024-02-17 03:57:00,50,99,2.61,3.48
2024-02-17 04:57:00,49,99,1.74,4.34
2024-02-17 05:57:00,50,100,0.87,2.61
2024-02-17 06:57:00,50,96,2.61,5.21
2024-02-17 07:57:00,51,91,1.74,3.48
2024-02-17 08:57:00,55,81,1.74,4.34
2024-02-17 09:57:00,55,81,1.74,4.34
2024-02-17 10:57:00,60,70,3.48,6.08
2024-02-17 11:57:00,60,72,3.48,6.95
2024-02-17 12:57:00,62,69,3.48,9.56
2024-02-17 13:57:00,65,65,3.48,7.82
2024-02-17 14:57:00,65,62,4.34,8.69
2024-02-17 15:57:00,64,64,5.21,8.69
2024-02-17 16:57:00,61,69,2.61,7.82
2024-02-17 17:57:00,59,73,2.61,5.21
2024-02-17 18:57:00,57,78,3.48,9.56
2024-02-17 19:57:00,55,85,1.74,4.34
2024-02-17 20:57:00,55,85,2.61,4.34
2024-02-17 21:57:00,54,90,0.87,3.48
2024-02-17 22:57:00,54,91,2.61,3.48
2024-02-17 23:57:00,54,93,0.87,3.48
2024-02-18 01:57:00,54,90,1.74,6.08
2024-02-18 02:57:00,53,95,2.61,3.48
2024-02-18 03:57:00,53,95,2.61,3.48
2024-02-18 07:57:00,55,84,0.87,2.61
2024-02-18 08:57:00,57,81,2.61,5.21
2024-02-18 09:57:00,61,69,1.74,6.95
2024-02-18 10:57:00,63,62,2.61,6.08
2024-02-18 11:57:00,66,56,4.34,7.82
2024-02-18 12:57:00,69,50,3.48,7.82
2024-02-18 13:57:00,69,52,5.21,8.69
2024-02-18 14:57:00,66,58,5.21,11.3
2024-02-18 15:57:00,65,60,6.08,13.03
2024-02-18 16:57:00,62,66,4.34,11.3
2024-02-18 17:57:00,61,68,1.74,6.95
2024-02-18 18:57:00,60,73,1.74,3.48
2024-02-18 19:57:00,59,79,2.61,4.34
2024-02-18 20:57:00,59,79,2.61,4.34
2024-02-18 22:57:00,57,87,1.74,2.61
2024-02-18 23:57:00,57,87,1.74,2.61
2024-02-19 01:57:00,56,88,0.87,1.74
2024-02-19 02:57:00,56,93,0.87,2.61
2024-02-19 03:57:00,55,97,0.87,2.61
2024-02-19 04:57:00,55,99,1.74,5.21
2024-02-19 05:57:00,54,99,2.61,7.82
2024-02-19 06:57:00,54,99,2.61,6.95
2024-02-19 07:57:00,55,99,4.34,8.69
2024-02-19 08:57:00,55,98,5.21,7.82
2024-02-19 09:57:00,56,97,4.34,8.69
2024-02-19 10:57:00,56,96,4.34,8.69
2024-02-19 11:57:00,57,96,2.61,6.08
2024-02-19 12:57:00,57,97,2.61,5.21
2024-02-19 13:57:00,57,95,1.74,7.82
2024-02-19 14:57:00,57,95,0.87,4.34
2024-02-19 15:57:00,56,96,0.87,3.48
2024-02-19 16:57:00,55,98,2.61,5.21
2024-02-19 17:57:00,54,99,3.48,7.82
2024-02-19 18:57:00,54,99,3.48,6.95
2024-02-19 19:57:00,55,96,1.74,6.08
2024-02-19 20:57:00,54,99,3.48,6.08
2024-02-19 21:57:00,54,99,2.61,6.08
2024-02-19 22:57:00,54,100,0.87,5.21
2024-02-19 23:57:00,54,99,0.87,7.82
2024-02-20 01:57:00,55,96,3.48,10.43
2024-02-20 02:57:00,55,95,2.61,8.69
2024-02-20 03:57:00,55,97,3.48,6.95
2024-02-20 04:57:00,54,99,4.34,8.69
2024-02-20 05:57:00,54,96,4.34,9.56
2024-02-20 06:57:00,54,96,4.34,9.56
2024-02-20 07:57:00,55,98,3.48,9.56
2024-02-20 08:57:00,55,98,2.61,9.56
2024-02-20 09:57:00,56,95,2.61,10.43
2024-02-20 10:57:00,57,97,2.61,8.69
2024-02-20 11:57:00,57,96,4.34,10.43
2024-02-20 12:57:00,57,96,4.34,10.43
2024-02-20 13:57:00,57,97,1.74,6.95
2024-02-20 14:57:00,57,97,2.61,6.95
2024-02-20 15:57:00,57,95,4.34,15.64
2024-02-20 16:57:00,57,92,0.87,9.56
2024-02-20 17:57:00,56,92,2.61,7.82
2024-02-20 18:57:00,56,94,2.61,7.82
2024-02-20 19:57:00,56,92,2.61,6.08
2024-02-20 20:57:00,55,93,0.87,5.21
2024-02-20 21:57:00,55,93,0.87,5.21
2024-02-20 22:57:00,54,97,0.87,2.61
2024-02-20 23:57:00,54,93,1.74,3.48
2024-02-21 01:57:00,54,94,1.74,4.34
2024-02-21 02:57:00,53,98,0.87,4.34
2024-02-21 03:57:00,53,100,3.48,5.21
2024-02-21 04:57:00,52,100,0.87,6.08
2024-02-21 05:57:00,53,99,3.48,8.69
2024-02-21 06:57:00,53,92,0.87,9.56
2024-02-21 07:57:00,55,96,0.87,6.08
2024-02-21 08:57:00,60,71,0.87,4.34
2024-02-21 09:57:00,62,70,1.74,6.08
2024-02-21 10:57:00,62,70,2.61,6.08
2024-02-21 11:57:00,65,58,4.34,9.56
2024-02-21 12:57:00,67,53,2.61,10.43
2024-02-21 13:57:00,68,52,5.21,10.43
2024-02-21 14:57:00,69,52,6.08,13.03
2024-02-21 15:57:00,67,53,4.34,11.3
2024-02-21 16:57:00,65,56,5.21,9.56
2024-02-21 17:57:00,61,65,5.21,9.56
2024-02-21 18:57:00,58,77,1.74,6.95
2024-02-21 19:57:00,54,88,2.61,4.34
2024-02-21 20:57:00,54,88,2.61,4.34
2024-02-21 21:57:00,51,97,0.87,3.48
2024-02-21 22:57:00,52,89,1.74,5.21
2024-02-21 23:57:00,52,89,1.74,5.21
2024-02-22 01:57:00,50,96,0.87,2.61
2024-02-22 02:57:00,50,85,0.87,6.95
2024-02-22 03:57:00,50,78,3.48,8.69
2024-02-22 04:57:00,50,73,5.21,10.43
2024-02-22 05:57:00,50,75,2.61,12.17
2024-02-22 06:57:00,51,69,2.61,8.69
2024-02-22 07:57:00,55,58,3.48,11.3
2024-02-22 08:57:00,61,55,0.87,8.69
2024-02-22 09:57:00,64,58,1.74,4.34
2024-02-22 10:57:00,65,57,2.61,6.08
2024-02-22 11:57:00,67,51,3.48,12.17
2024-02-22 12:57:00,69,49,4.34,9.56
2024-02-22 13:57:00,71,43,3.48,11.3
2024-02-22 14:57:00,72,36,3.48,7.82
2024-02-22 15:57:00,71,37,3.48,7.82
2024-02-22 16:57:00,68,50,4.34,8.69
2024-02-22 17:57:00,61,64,4.34,8.69
2024-02-22 18:57:00,61,64,4.34,8.69
2024-02-22 19:57:00,54,84,0.87,3.48
2024-02-22 20:57:00,54,84,0.87,3.48
2024-02-22 21:57:00,52,84,1.74,6.08
2024-02-22 22:57:00,52,84,1.74,6.08
2024-02-22 23:57:00,54,69,1.74,6.95
2024-02-23 01:57:00,54,60,1.74,12.17
2024-02-23 02:57:00,56,47,4.34,11.3
2024-02-23 03:57:00,56,47,5.21,10.43
2024-02-23 04:57:00,56,47,2.61,9.56
2024-02-23 05:57:00,56,47,4.34,8.69
2024-02-23 06:57:00,55,53,2.61,7.82
2024-02-23 07:57:00,57,47,6.95,12.17
2024-02-23 08:57:00,65,39,2.61,12.17
2024-02-23 09:57:00,65,39,2.61,12.17
2024-02-23 10:57:00,73,32,1.74,5.21
2024-02-23 11:57:00,76,24,3.48,6.95
2024-02-23 12:57:00,78,23,1.74,5.21
2024-02-23 13:57:00,76,21,0.87,5.21
2024-02-23 14:57:00,77,21,2.61,7.82
2024-02-23 15:57:00,79,20,3.48,7.82
2024-02-23 16:57:00,75,22,1.74,5.21
2024-02-23 17:57:00,69,33,0.87,4.34
2024-02-23 18:57:00,66,36,4.34,9.56
2024-02-23 19:57:00,66,37,3.48,13.9
2024-02-23 20:57:00,64,41,2.61,9.56
2024-02-23 21:57:00,63,42,6.95,14.77
2024-02-23 22:57:00,61,46,1.74,15.64
2024-02-23 23:57:00,62,42,4.34,9.56
2024-02-24 01:57:00,61,43,4.34,11.3
2024-02-24 02:57:00,59,48,0.87,9.56
2024-02-24 03:57:00,59,46,3.48,7.82
2024-02-24 04:57:00,61,43,1.74,12.17
2024-02-24 05:57:00,60,45,5.21,12.17
2024-02-24 06:57:00,61,43,5.21,13.03
2024-02-24 07:57:00,61,43,5.21,13.03
2024-02-24 08:57:00,65,40,0.87,6.08
2024-02-24 09:57:00,67,37,3.48,6.08
2024-02-24 10:57:00,71,33,1.74,6.95
2024-02-24 11:57:00,72,33,3.48,8.69
2024-02-24 12:57:00,74,29,1.74,6.95
2024-02-24 13:57:00,77,27,2.61,8.69
2024-02-24 14:57:00,78,25,0.87,6.08
2024-02-24 15:57:00,77,25,3.48,6.08
2024-02-24 16:57:00,76,28,3.48,6.08
2024-02-24 17:57:00,66,47,3.48,12.17
2024-02-24 18:57:00,61,58,2.61,6.08
2024-02-24 19:57:00,59,58,0.87,3.48
2024-02-24 20:57:00,61,53,2.61,7.82
2024-02-24 21:57:00,61,51,2.61,8.69
2024-02-24 22:57:00,57,64,0.87,4.34
2024-02-24 23:57:00,60,50,3.48,8.69
2024-02-25 01:57:00,58,50,3.48,8.69
2024-02-25 02:57:00,56,58,2.61,9.56
2024-02-25 03:57:00,57,52,6.08,11.3
2024-02-25 04:57:00,55,60,1.74,6.08
2024-02-25 05:57:00,57,51,3.48,8.69
2024-02-25 06:57:00,55,61,4.34,9.56
2024-02-25 07:57:00,60,49,5.21,9.56
2024-02-25 08:57:00,61,57,0.87,9.56
2024-02-25 09:57:00,63,54,1.74,4.34
2024-02-25 10:57:00,66,51,2.61,5.21
2024-02-25 11:57:00,65,50,6.08,9.56
2024-02-25 12:57:00,68,47,2.61,7.82
2024-02-25 13:57:00,70,41,1.74,6.95
2024-02-25 14:57:00,72,38,1.74,4.34
2024-02-25 15:57:00,71,38,1.74,3.48
2024-02-25 16:57:00,69,45,1.74,4.34
2024-02-25 17:57:00,63,63,3.48,6.95
2024-02-25 18:57:00,59,64,2.61,5.21
2024-02-25 19:57:00,56,86,1.74,3.48
2024-02-25 20:57:00,56,86,1.74,3.48
2024-02-25 21:57:00,53,95,0.87,1.74
2024-02-25 22:57:00,53,95,0.87,1.74
2024-02-26 01:57:00,51,96,1.74,3.48
2024-02-26 02:57:00,53,87,3.48,6.95
2024-02-26 03:57:00,53,70,1.74,6.95
2024-02-26 04:57:00,52,90,1.74,6.08
2024-02-26 05:57:00,53,80,1.74,3.48
2024-02-26 06:57:00,53,80,1.74,3.48
2024-02-26 07:57:00,56,69,4.34,9.56
2024-02-26 08:57:00,56,82,2.61,5.21
2024-02-26 09:57:00,59,70,5.21,7.82
2024-02-26 10:57:00,60,69,0.87,6.95
2024-02-26 11:57:00,62,67,1.74,3.48
2024-02-26 12:57:00,63,64,0.87,6.08
2024-02-26 13:57:00,66,56,0.87,3.48
2024-02-26 14:57:00,64,58,2.61,6.08
2024-02-26 15:57:00,62,63,4.34,8.69
2024-02-26 16:57:00,60,69,5.21,9.56
2024-02-26 17:57:00,56,92,1.74,8.69
2024-02-26 18:57:00,55,98,2.61,4.34
2024-02-26 19:57:00,54,99,0.87,3.48
2024-02-26 20:57:00,54,99,0.87,3.48
2024-02-26 21:57:00,55,100,0.87,2.61
2024-02-26 22:57:00,55,100,0.87,2.61
2024-02-26 23:57:00,55,100,0.87,2.61
2024-02-27 01:57:00,54,100,0.87,2.61
2024-02-27 04:57:00,54,100,0.87,2.61
2024-02-27 05:57:00,54,100,0.87,2.61
2024-02-27 07:57:00,55,99,1.74,3.48
2024-02-27 08:57:00,56,94,1.74,5.21
2024-02-27 09:57:00,57,89,1.74,3.48
2024-02-27 10:57:00,59,81,2.61,4.34
2024-02-27 11:57:00,60,76,3.48,7.82
2024-02-27 12:57:00,63,67,2.61,8.69
2024-02-27 13:57:00,65,62,0.87,6.08
2024-02-27 14:57:00,63,64,3.48,6.95
2024-02-27 15:57:00,65,60,4.34,6.95
2024-02-27 16:57:00,62,69,5.21,7.82
2024-02-27 17:57:00,58,81,2.61,7.82
2024-02-27 18:57:00,54,91,1.74,3.48
2024-02-27 19:57:00,53,94,1.74,2.61
2024-02-27 20:57:00,53,89,0.87,4.34
2024-02-27 21:57:00,55,83,4.34,7.82
2024-02-27 22:57:00,54,85,1.74,9.56
2024-02-27 23:57:00,54,85,1.74,6.95
2024-02-28 01:57:00,52,86,4.34,8.69
2024-02-28 02:57:00,52,82,2.61,7.82
2024-02-28 03:57:00,51,85,0.87,5.21
2024-02-28 04:57:00,53,71,5.21,10.43
2024-02-28 05:57:00,50,83,0.87,12.17
2024-02-28 06:57:00,53,63,4.34,9.56
2024-02-28 07:57:00,59,55,1.74,6.95
2024-02-28 08:57:00,63,58,1.74,3.48
2024-02-28 09:57:00,66,54,0.87,4.34
2024-02-28 10:57:00,69,55,1.74,5.21
2024-02-28 11:57:00,71,43,3.48,6.95
2024-02-28 12:57:00,72,45,3.48,7.82
2024-02-28 13:57:00,74,41,6.08,10.43
2024-02-28 14:57:00,74,44,6.95,11.3
2024-02-28 15:57:00,71,48,6.95,12.17
2024-02-28 16:57:00,68,56,4.34,12.17
2024-02-28 17:57:00,62,68,3.48,8.69
2024-02-28 18:57:00,58,79,1.74,6.08
2024-02-28 19:57:00,55,81,1.74,3.48
2024-02-28 20:57:00,55,81,1.74,3.48
2024-02-28 21:57:00,51,97,0.87,2.61
2024-02-28 22:57:00,51,97,0.87,2.61
2024-02-28 23:57:00,51,90,0.87,4.34
2024-02-29 01:57:00,54,83,2.61,4.34
2024-02-29 02:57:00,54,82,3.48,6.08
2024-02-29 03:57:00,54,82,1.74,6.95
2024-02-29 04:57:00,54,80,1.74,6.08
2024-02-29 05:57:00,53,76,4.34,8.69
2024-02-29 06:57:00,54,74,3.48,9.56
2024-02-29 07:57:00,55,70,5.21,8.69
2024-02-29 08:57:00,57,66,4.34,9.56
2024-02-29 09:57:00,61,67,2.61,7.82
2024-02-29 10:57:00,63,68,2.61,6.95
2024-02-29 11:57:00,64,64,1.74,6.95
2024-02-29 12:57:00,63,63,0.87,5.21
2024-02-29 13:57:00,63,66,3.48,7.82
2024-02-29 14:57:00,66,61,5.21,8.69
2024-02-29 15:57:00,63,63,3.48,6.95
2024-02-29 16:57:00,61,66,5.21,9.56
2024-02-29 17:57:00,59,70,4.34,9.56
2024-02-29 18:57:00,58,73,3.48,7.82
2024-02-29 19:57:00,57,76,2.61,5.21
2024-02-29 20:57:00,56,76,3.48,6.08
2024-02-29 21:57:00,56,77,3.48,6.08
2024-02-29 22:57:00,54,82,2.61,3.48
2024-02-29 23:57:00,53,84,1.74,5.21
2024-03-01 01:57:00,52,88,0.87,2.61
2024-03-01 02:57:00,53,89,0.87,2.61
2024-03-01 03:57:00,52,92,1.74,3.48
2024-03-01 04:57:00,51,91,0.87,2.61
2024-03-01 05:57:00,51,91,0.87,2.61
2024-03-01 06:57:00,53,80,2.61,4.34
2024-03-01 07:57:00,58,70,1.74,6.95
2024-03-01 08:57:00,63,58,1.74,4.34
2024-03-01 09:57:00,64,54,2.61,6.95
2024-03-01 10:57:00,64,50,1.74,7.82
2024-03-01 11:57:00,65,46,1.74,8.69
2024-03-01 12:57:00,66,48,2.61,7.82
2024-03-01 13:57:00,68,45,6.95,12.17
2024-03-01 14:57:00,63,55,3.48,13.03
2024-03-01 15:57:00,64,53,4.34,9.56
2024-03-01 16:57:00,61,58,5.21,10.43
2024-03-01 17:57:00,60,61,2.61,9.56
2024-03-01 18:57:00,58,72,4.34,10.43
2024-03-01 19:57:00,57,78,3.48,9.56
2024-03-01 20:57:00,56,87,3.48,7.82
2024-03-01 21:57:00,56,88,1.74,5.21
2024-03-01 22:57:00,56,87,2.61,6.95
2024-03-01 23:57:00,55,94,5.21,7.82
2024-03-02 01:57:00,54,100,3.48,6.95
2024-03-02 02:57:00,55,100,5.21,10.43
2024-03-02 03:57:00,54,100,3.48,10.43
2024-03-02 04:57:00,54,100,0.87,6.08
2024-03-02 05:57:00,53,100,4.34,7.82
2024-03-02 06:57:00,53,99,4.34,14.77
2024-03-02 07:57:00,54,98,0.87,6.95
2024-03-02 08:57:00,58,89,2.61,6.95
2024-03-02 09:57:00,56,96,6.95,16.51
2024-03-02 10:57:00,60,84,9.56,16.51
2024-03-02 11:57:00,60,82,8.69,19.12
2024-03-02 12:57:00,59,78,11.3,19.12
2024-03-02 13:57:00,57,97,7.82,15.64
2024-03-02 14:57:00,59,84,6.95,16.51
2024-03-02 15:57:00,60,72,6.08,13.03
2024-03-02 16:57:00,57,76,7.82,17.38
2024-03-02 17:57:00,56,78,4.34,11.3
2024-03-02 18:57:00,55,84,2.61,10.43
2024-03-02 19:57:00,54,92,1.74,7.82
2024-03-02 20:57:00,53,92,0.87,6.08
2024-03-02 21:57:00,53,95,2.61,6.08
2024-03-02 22:57:00,52,97,0.87,4.34
2024-03-02 23:57:00,52,96,2.61,6.08
2024-03-03 02:57:00,51,99,0.87,2.61
2024-03-03 03:57:00,51,99,0.87,2.61
2024-03-03 06:57:00,49,97,0.87,4.34
2024-03-03 07:57:00,50,99,2.61,4.34
2024-03-03 08:57:00,53,92,1.74,4.34
2024-03-03 09:57:00,57,79,1.74,4.34
2024-03-03 10:57:00,57,78,3.48,6.95
2024-03-03 11:57:00,60,71,3.48,6.95
2024-03-03 12:57:00,58,75,3.48,7.82
2024-03-03 13:57:00,60,69,2.61,7.82
2024-03-03 14:57:00,63,47,9.56,15.64
2024-03-03 15:57:00,59,58,6.08,13.9
2024-03-03 16:57:00,57,61,6.08,10.43
2024-03-03 17:57:00,56,70,4.34,10.43
2024-03-03 18:57:00,55,76,2.61,8.69
2024-03-03 19:57:00,55,78,2.61,5.21
2024-03-03 20:57:00,53,84,0.87,5.21
2024-03-03 21:57:00,51,87,0.87,4.34
2024-03-03 22:57:00,52,87,1.74,5.21
2024-03-03 23:57:00,53,81,0.87,3.48
2024-03-04 01:57:00,50,94,0.87,3.48
2024-03-04 02:57:00,48,98,0.87,3.48
2024-03-04 03:57:00,48,98,0.87,3.48
2024-03-04 05:57:00,47,99,0.87,4.34
2024-03-04 06:57:00,50,83,4.34,6.95
2024-03-04 07:57:00,52,79,4.34,10.43
2024-03-04 08:57:00,56,72,2.61,10.43
2024-03-04 09:57:00,60,63,4.34,7.82
2024-03-04 10:57:00,63,54,2.61,9.56
2024-03-04 11:57:00,64,49,1.74,9.56
2024-03-04 12:57:00,64,50,3.48,11.3
2024-03-04 13:57:00,63,49,2.61,6.95
2024-03-04 14:57:00,65,46,4.34,9.56
2024-03-04 15:57:00,63,52,3.48,7.82
2024-03-04 16:57:00,60,58,4.34,7.82
2024-03-04 17:57:00,57,61,2.61,6.95
2024-03-04 18:57:00,56,64,2.61,6.08
2024-03-04 19:57:00,56,64,2.61,6.08
2024-03-04 20:57:00,50,86,1.74,2.61
2024-03-04 21:57:00,52,77,2.61,6.08
2024-03-04 22:57:00,52,77,3.48,6.95
2024-03-04 23:57:00,51,79,3.48,7.82
2024-03-05 01:57:00,51,79,3.48,7.82
2024-03-05 02:57:00,48,89,0.87,5.21
2024-03-05 03:57:00,49,82,3.48,8.69
2024-03-05 04:57:00,49,82,3.48,8.69
2024-03-05 15:57:00,67,53,5.21,11.3
2024-03-05 16:57:00,64,57,5.21,10.43
2024-03-05 17:57:00,60,64,5.21,9.56
2024-03-05 18:57:00,57,73,3.48,6.95
2024-03-05 19:57:00,57,75,2.61,6.08
2024-03-05 20:57:00,56,76,1.74,5.21
2024-03-05 21:57:00,55,79,2.61,4.34
2024-03-05 22:57:00,55,81,1.74,4.34
2024-03-05 23:57:00,55,83,1.74,4.34
2024-03-06 03:57:00,50,95,0.87,3.48
2024-03-06 04:57:00,50,94,0.87,4.34
2024-03-06 05:57:00,48,92,0.87,3.48
2024-03-06 06:57:00,51,76,3.48,6.95
2024-03-06 07:57:00,57,64,1.74,10.43
2024-03-06 08:57:00,60,63,3.48,7.82
2024-03-06 09:57:00,63,58,5.21,12.17
2024-03-06 10:57:00,65,51,2.61,10.43
2024-03-06 11:57:00,66,47,3.48,9.56
2024-03-06 12:57:00,63,55,2.61,6.95
2024-03-06 13:57:00,59,76,6.08,11.3
2024-03-06 14:57:00,56,94,4.34,13.03
2024-03-06 15:57:00,54,95,1.74,8.69
2024-03-06 16:57:00,53,90,3.48,9.56
2024-03-06 17:57:00,52,94,4.34,9.56
2024-03-06 18:57:00,52,90,5.21,14.77
2024-03-06 19:57:00,52,83,3.48,9.56
2024-03-06 20:57:00,52,83,5.21,11.3
2024-03-06 21:57:00,52,80,5.21,12.17
2024-03-06 22:57:00,52,79,2.61,8.69
2024-03-06 23:57:00,49,90,0.87,5.21
2024-03-07 01:57:00,48,89,0.87,5.21
2024-03-07 02:57:00,49,90,0.87,3.48
2024-03-07 03:57:00,49,84,1.74,6.95
2024-03-07 04:57:00,49,84,1.74,6.95
2024-03-07 05:57:00,46,99,2.61,5.21
2024-03-07 06:57:00,47,97,0.87,4.34
2024-03-07 07:57:00,54,75,0.87,4.34
2024-03-07 08:57:00,58,69,2.61,6.08
2024-03-07 09:57:00,61,62,2.61,8.69
2024-03-07 10:57:00,63,55,2.61,8.69
2024-03-07 11:57:00,65,51,1.74,8.69
2024-03-07 12:57:00,66,51,2.61,8.69
2024-03-07 13:57:00,66,49,3.48,8.69
2024-03-07 14:57:00,64,54,3.48,6.95
2024-03-07 15:57:00,58,80,5.21,12.17
2024-03-07 16:57:00,53,91,3.48,13.9
2024-03-07 17:57:00,52,97,1.74,4.34
2024-03-07 18:57:00,53,96,0.87,5.21
2024-03-07 19:57:00,53,92,3.48,7.82
2024-03-07 20:57:00,52,87,3.48,6.95
2024-03-07 21:57:00,51,92,0.87,7.82
2024-03-07 22:57:00,50,89,3.48,6.95
2024-03-07 23:57:00,50,85,4.34,10.43
2024-03-08 01:57:00,49,81,4.34,11.3
2024-03-08 02:57:00,49,81,5.21,9.56
2024-03-08 03:57:00,49,81,5.21,12.17
2024-03-08 04:57:00,49,79,5.21,11.3
2024-03-08 05:57:00,48,82,4.34,11.3
2024-03-08 06:57:00,50,79,3.48,6.95
2024-03-08 07:57:00,56,70,2.61,6.08
2024-03-08 08:57:00,60,66,2.61,6.95
2024-03-08 09:57:00,62,62,2.61,6.08
2024-03-08 10:57:00,65,58,2.61,6.95
2024-03-08 11:57:00,68,50,3.48,9.56
2024-03-08 12:57:00,70,43,5.21,9.56
2024-03-08 13:57:00,73,39,2.61,10.43
2024-03-08 14:57:00,73,36,3.48,13.03
2024-03-08 15:57:00,69,50,6.95,16.51
2024-03-08 16:57:00,69,48,4.34,11.3
2024-03-08 17:57:00,62,63,3.48,9.56
2024-03-08 18:57:00,58,72,2.61,7.82
2024-03-08 19:57:00,56,74,2.61,4.34
2024-03-08 20:57:00,56,78,5.21,10.43
2024-03-08 21:57:00,56,78,5.21,10.43
2024-03-08 22:57:00,54,81,1.74,12.17
2024-03-08 23:57:00,53,86,1.74,7.82
2024-03-09 01:57:00,54,56,3.48,13.03
2024-03-09 02:57:00,54,51,5.21,10.43
2024-03-09 03:57:00,50,79,0.87,11.3
2024-03-09 04:57:00,54,46,3.48,10.43
2024-03-09 05:57:00,50,59,5.21,9.56
2024-03-09 07:57:00,53,43,6.08,11.3
2024-03-09 08:57:00,57,40,2.61,11.3
2024-03-09 09:57:00,62,44,1.74,6.08
2024-03-09 10:57:00,67,33,1.74,4.34
2024-03-09 11:57:00,71,31,1.74,5.21
2024-03-09 12:57:00,73,28,2.61,6.95
2024-03-09 13:57:00,74,25,3.48,8.69
2024-03-09 14:57:00,75,26,4.34,10.43
2024-03-09 15:57:00,75,25,4.34,11.3
2024-03-09 16:57:00,74,30,6.08,12.17
2024-03-09 17:57:00,70,35,6.95,10.43
2024-03-09 18:57:00,63,49,4.34,10.43
2024-03-09 19:57:00,58,65,2.61,6.08
2024-03-09 21:57:00,54,84,1.74,3.48
2024-03-09 22:57:00,52,87,1.74,3.48
2024-03-09 23:57:00,53,81,4.34,6.08
2024-03-10 02:57:00,52,69,1.74,6.08
2024-03-10 03:57:00,49,79,0.87,4.34
2024-03-10 04:57:00,52,61,4.34,10.43
2024-03-10 05:57:00,52,59,3.48,13.03
2024-03-10 06:57:00,53,55,6.08,11.3
2024-03-10 07:57:00,54,51,6.08,12.17
2024-03-10 08:57:00,59,45,2.61,13.9
2024-03-10 09:57:00,64,41,0.87,4.34
2024-03-10 10:57:00,66,42,2.61,6.08
2024-03-10 11:57:00,68,40,2.61,6.08
2024-03-10 12:57:00,71,32,4.34,7.82
2024-03-10 13:57:00,71,32,3.48,7.82
2024-03-10 14:57:00,73,27,3.48,9.56
2024-03-10 15:57:00,74,23,3.48,8.69
2024-03-10 16:57:00,72,27,4.34,11.3
2024-03-10 17:57:00,69,28,3.48,7.82
2024-03-10 18:57:00,63,38,4.34,8.69
2024-03-10 19:57:00,59,46,3.48,6.08
2024-03-10 20:57:00,57,52,0.87,5.21
2024-03-10 22:57:00,52,67,0.87,3.48
2024-03-11 01:57:00,51,66,3.48,7.82
2024-03-11 02:57:00,48,72,0.87,5.21
2024-03-11 03:57:00,49,69,2.61,6.95
2024-03-11 04:57:00,49,67,5.21,9.56
2024-03-11 05:57:00,49,68,4.34,12.17
2024-03-11 06:57:00,48,64,5.21,11.3
2024-03-11 07:57:00,51,59,4.34,11.3
2024-03-11 08:57:00,56,50,4.34,10.43
2024-03-11 09:57:00,61,57,2.61,6.95
2024-03-11 10:57:00,62,57,2.61,6.95
2024-03-11 11:57:00,65,50,3.48,6.95
2024-03-11 12:57:00,67,45,3.48,9.56
2024-03-11 13:57:00,68,42,5.21,11.3
2024-03-11 14:57:00,66,49,6.95,14.77
2024-03-11 15:57:00,68,50,5.21,13.03
2024-03-11 16:57:00,65,53,5.21,12.17
2024-03-11 17:57:00,63,47,6.95,14.77
2024-03-11 18:57:00,58,48,3.48,11.3
2024-03-11 19:57:00,54,71,1.74,5.21
2024-03-11 20:57:00,52,82,1.74,5.21
2024-03-11 21:57:00,50,85,0.87,2.61
2024-03-11 23:57:00,51,76,1.74,5.21
2024-03-12 01:57:00,52,74,2.61,7.82
2024-03-12 02:57:00,52,75,3.48,8.69
2024-03-12 03:57:00,52,75,4.34,9.56
2024-03-12 04:57:00,52,75,3.48,8.69
2024-03-12 05:57:00,52,76,1.74,6.08
2024-03-12 06:57:00,51,77,3.48,7.82
2024-03-12 07:57:00,52,74,3.48,7.82
2024-03-12 08:57:00,54,72,2.61,6.95
2024-03-12 09:57:00,57,67,1.74,5.21
2024-03-12 10:57:00,59,69,1.74,3.48
2024-03-12 11:57:00,59,67,0.87,4.34
2024-03-12 12:57:00,61,65,1.74,4.34
2024-03-12 13:57:00,62,63,2.61,6.08
2024-03-12 14:57:00,63,61,0.87,5.21
2024-03-12 15:57:00,64,60,1.74,5.21
2024-03-12 17:57:00,62,63,4.34,8.69
2024-03-12 18:57:00,59,66,3.48,7.82
2024-03-12 19:57:00,58,70,1.74,5.21
2024-03-12 20:57:00,57,72,2.61,4.34
2024-03-12 22:57:00,56,86,0.87,3.48
2024-03-12 23:57:00,56,87,1.74,3.48
2024-03-13 01:57:00,56,86,0.87,1.74
2024-03-13 02:57:00,54,89,0.87,3.48
2024-03-13 04:57:00,53,93,2.61,5.21
2024-03-13 05:57:00,54,94,1.74,4.34
2024-03-13 06:57:00,53,82,2.61,7.82
2024-03-13 07:57:00,53,76,2.61,7.82
2024-03-13 08:57:00,57,72,1.74,6.95
2024-03-13 09:57:00,60,71,2.61,4.34
2024-03-13 10:57:00,65,58,3.48,6.08
2024-03-13 11:57:00,64,58,2.61,6.95
2024-03-13 12:57:00,67,54,2.61,7.82
2024-03-13 13:57:00,68,50,3.48,8.69
2024-03-13 14:57:00,71,45,5.21,14.77
2024-03-13 15:57:00,73,42,3.48,11.3
2024-03-13 16:57:00,68,49,5.21,13.9
2024-03-13 17:57:00,67,45,5.21,12.17
2024-03-13 18:57:00,62,52,2.61,8.69
2024-03-13 20:57:00,57,65,0.87,3.48
2024-03-13 22:57:00,55,71,1.74,6.95
2024-03-13 23:57:00,53,75,0.87,6.08
2024-03-14 01:57:00,55,64,1.74,10.43
2024-03-14 02:57:00,52,68,0.87,8.69
2024-03-14 03:57:00,49,79,1.74,6.08
2024-03-14 04:57:00,61,16,10.43,21.72
2024-03-14 05:57:00,60,13,13.03,33.02
2024-03-14 06:57:00,59,13,13.9,28.68
2024-03-14 07:57:00,60,12,10.43,25.2
2024-03-14 08:57:00,61,12,18.25,35.63
2024-03-14 09:57:00,62,14,17.38,36.5
2024-03-14 10:57:00,64,15,7.82,33.02
2024-03-14 11:57:00,65,15,9.56,22.59
2024-03-14 12:57:00,65,15,12.17,34.76
2024-03-14 13:57:00,68,15,9.56,28.68
2024-03-14 14:57:00,68,15,10.43,23.46
2024-03-14 15:57:00,68,15,7.82,26.07
2024-03-14 16:57:00,69,15,6.95,22.59
2024-03-14 17:57:00,68,15,6.95,18.25
2024-03-14 18:57:00,64,17,2.61,12.17
2024-03-14 19:57:00,64,18,9.56,16.51
2024-03-14 20:57:00,65,17,6.08,14.77
2024-03-14 21:57:00,63,24,5.21,19.99
2024-03-14 22:57:00,60,28,2.61,14.77
2024-03-14 23:57:00,58,34,1.74,9.56
2024-03-15 01:57:00,53,47,3.48,7.82
2024-03-15 02:57:00,54,44,3.48,16.51
2024-03-15 03:57:00,52,52,1.74,9.56
2024-03-15 04:57:00,53,52,3.48,9.56
2024-03-15 05:57:00,52,59,2.61,6.95
2024-03-15 06:57:00,50,62,1.74,5.21
2024-03-15 07:57:00,51,61,2.61,6.08
2024-03-15 08:57:00,53,63,0.87,3.48
2024-03-15 09:57:00,62,45,2.61,6.08
2024-03-15 10:57:00,63,47,4.34,8.69
2024-03-15 11:57:00,68,43,2.61,10.43
2024-03-15 12:57:00,65,46,5.21,8.69
2024-03-15 13:57:00,66,37,2.61,7.82
2024-03-15 14:57:00,66,34,3.48,7.82
2024-03-15 15:57:00,65,49,6.08,12.17
2024-03-15 16:57:00,64,54,3.48,12.17
2024-03-15 17:57:00,61,61,5.21,9.56
2024-03-15 18:57:00,59,57,5.21,7.82
2024-03-15 19:57:00,56,70,2.61,6.08
2024-03-15 20:57:00,54,82,1.74,3.48
2024-03-15 21:57:00,56,66,2.61,8.69
2024-03-15 22:57:00,55,67,2.61,6.08
2024-03-15 23:57:00,55,68,0.87,5.21
2024-03-16 01:57:00,52,84,3.48,6.08
2024-03-16 02:57:00,54,71,3.48,7.82
2024-03-16 03:57:00,53,72,2.61,6.95
2024-03-16 04:57:00,53,70,2.61,7.82
2024-03-16 05:57:00,53,70,3.48,7.82
2024-03-16 06:57:00,53,69,3.48,9.56
2024-03-16 07:57:00,53,67,4.34,10.43
2024-03-16 08:57:00,59,59,4.34,9.56
2024-03-16 09:57:00,62,59,2.61,5.21
2024-03-16 10:57:00,63,58,1.74,6.95
2024-03-16 11:57:00,65,53,4.34,10.43
2024-03-16 12:57:00,65,51,0.87,9.56
2024-03-16 13:57:00,68,43,0.87,7.82
2024-03-16 14:57:00,65,49,2.61,8.69
2024-03-16 15:57:00,63,64,2.61,6.95
2024-03-16 16:57:00,61,66,4.34,9.56
2024-03-16 17:57:00,63,64,2.61,5.21
2024-03-16 18:57:00,60,68,2.61,4.34
2024-03-16 19:57:00,56,75,1.74,4.34
2024-03-16 20:57:00,54,82,1.74,3.48
2024-03-16 21:57:00,54,74,0.87,3.48
2024-03-16 22:57:00,51,95,0.87,2.61
2024-03-16 23:57:00,53,88,0.87,3.48
2024-03-17 01:57:00,52,84,3.48,6.08
2024-03-17 03:57:00,52,81,1.74,6.08
2024-03-17 04:57:00,51,82,4.34,6.95
2024-03-17 05:57:00,49,87,0.87,5.21
2024-03-17 07:57:00,54,81,0.87,3.48
2024-03-17 08:57:00,60,68,2.61,6.95
2024-03-17 09:57:00,62,54,2.61,7.82
2024-03-17 10:57:00,65,49,2.61,6.95
2024-03-17 11:57:00,65,47,1.74,6.08
2024-03-17 12:57:00,71,40,1.74,5.21
2024-03-17 13:57:00,72,38,5.21,9.56
2024-03-17 14:57:00,73,37,5.21,10.43
2024-03-17 15:57:00,73,35,6.95,12.17
2024-03-17 16:57:00,71,46,6.95,13.03
2024-03-17 17:57:00,69,51,6.08,10.43
2024-03-17 18:57:00,63,58,4.34,9.56
2024-03-17 19:57:00,59,63,1.74,6.08
2024-03-17 20:57:00,57,65,1.74,4.34
2024-03-17 21:57:00,54,74,0.87,3.48
2024-03-17 22:57:00,60,65,5.21,11.3
2024-03-17 23:57:00,59,67,2.61,9.56
2024-03-18 01:57:00,51,88,1.74,4.34
2024-03-18 02:57:00,56,71,3.48,8.69
2024-03-18 03:57:00,51,83,1.74,4.34
2024-03-18 04:57:00,52,75,4.34,7.82
2024-03-18 05:57:00,49,87,0.87,5.21
2024-03-18 06:57:00,55,61,5.21,13.9
2024-03-18 07:57:00,55,72,0.87,4.34
2024-03-18 08:57:00,63,58,0.87,3.48
2024-03-18 09:57:00,69,46,1.74,4.34
2024-03-18 10:57:00,73,43,2.61,6.08
2024-03-18 11:57:00,75,34,4.34,7.82
2024-03-18 12:57:00,75,35,3.48,6.95
2024-03-18 13:57:00,75,31,4.34,9.56
2024-03-18 14:57:00,80,28,4.34,9.56
2024-03-18 15:57:00,71,48,4.34,13.9
2024-03-18 16:57:00,68,52,6.95,13.9
2024-03-18 17:57:00,62,65,6.08,10.43
2024-03-18 18:57:00,62,65,0.87,6.95
2024-03-18 19:57:00,58,71,0.87,2.61
2024-03-18 20:57:00,59,70,4.34,6.08
2024-03-18 21:57:00,60,66,3.48,8.69
2024-03-18 22:57:00,60,65,5.21,11.3
2024-03-18 23:57:00,59,67,2.61,9.56
2024-03-19 01:57:00,56,73,2.61,6.95
2024-03-19 02:57:00,56,71,3.48,8.69
2024-03-19 03:57:00,54,77,2.61,7.82
2024-03-19 04:57:00,55,69,6.08,12.17
2024-03-19 05:57:00,54,74,0.87,13.9
2024-03-19 06:57:00,55,61,5.21,13.9
2024-03-19 07:57:00,57,61,1.74,6.08
2024-03-19 08:57:00,63,49,3.48,10.43
2024-03-19 09:57:00,68,48,1.74,6.08
2024-03-19 10:57:00,70,49,3.48,6.95
2024-03-19 11:57:00,74,41,1.74,7.82
2024-03-19 12:57:00,74,40,5.21,9.56
2024-03-19 13:57:00,76,39,5.21,13.03
2024-03-19 14:57:00,76,43,6.95,13.03
2024-03-19 15:57:00,75,45,6.95,13.9
2024-03-19 16:57:00,75,43,5.21,11.3
2024-03-19 17:57:00,72,48,4.34,11.3
2024-03-19 18:57:00,68,55,3.48,6.95
2024-03-19 19:57:00,62,65,3.48,6.08
2024-03-19 20:57:00,61,66,1.74,4.34
2024-03-19 21:57:00,56,87,1.74,4.34
2024-03-19 22:57:00,58,79,0.87,2.61
2024-03-19 23:57:00,57,80,2.61,6.08
2024-03-20 01:57:00,55,85,0.87,3.48
2024-03-20 02:57:00,54,84,1.74,3.48
2024-03-20 03:57:00,57,74,1.74,6.95
2024-03-20 04:57:00,53,89,0.87,4.34
2024-03-20 06:57:00,55,84,1.74,5.21
2024-03-20 07:57:00,55,85,0.87,2.61
2024-03-20 08:57:00,61,70,0.87,4.34
2024-03-20 09:57:00,66,59,2.61,5.21
2024-03-20 10:57:00,66,64,4.34,8.69
2024-03-20 11:57:00,68,60,5.21,10.43
2024-03-20 12:57:00,71,54,5.21,11.3
2024-03-20 13:57:00,74,49,3.48,9.56
2024-03-20 14:57:00,76,42,4.34,8.69
2024-03-20 15:57:00,77,43,5.21,12.17
2024-03-20 16:57:00,75,47,6.95,12.17
2024-03-20 17:57:00,72,52,6.08,12.17
2024-03-20 18:57:00,65,65,3.48,13.03
2024-03-20 19:57:00,60,76,2.61,6.08
2024-03-20 20:57:00,58,82,2.61,4.34
2024-03-20 21:57:00,56,87,1.74,4.34
2024-03-20 22:57:00,55,91,2.61,4.34
2024-03-20 23:57:00,54,95,3.48,4.34
2024-03-21 01:57:00,55,97,2.61,5.21
2024-03-21 02:57:00,55,96,0.87,5.21
2024-03-21 03:57:00,55,97,0.87,3.48
2024-03-21 04:57:00,51,100,0.87,1.74
2024-03-21 06:57:00,55,84,1.74,5.21
2024-03-21 07:57:00,54,82,0.87,6.08
2024-03-21 08:57:00,59,77,0.87,4.34
2024-03-21 09:57:00,62,71,3.48,6.08
2024-03-21 10:57:00,64,69,3.48,6.95
2024-03-21 11:57:00,67,62,3.48,6.95
2024-03-21 12:57:00,70,55,3.48,7.82
2024-03-21 13:57:00,72,47,3.48,7.82
2024-03-21 14:57:00,75,44,6.08,10.43
2024-03-21 15:57:00,75,45,5.21,12.17
2024-03-21 16:57:00,73,48,6.95,13.9
2024-03-21 17:57:00,70,52,6.08,12.17
2024-03-21 18:57:00,65,64,4.34,9.56
2024-03-21 19:57:00,60,73,2.61,6.95
2024-03-21 20:57:00,59,79,2.61,4.34
2024-03-21 21:57:00,57,85,2.61,3.48
2024-03-21 22:57:00,55,90,1.74,3.48
2024-03-21 23:57:00,56,92,0.87,2.61
2024-03-22 01:57:00,52,98,1.74,2.61
2024-03-22 02:57:00,51,99,0.87,2.61
2024-03-22 03:57:00,56,87,0.87,4.34
2024-03-22 04:57:00,51,100,0.87,1.74
2024-03-22 06:57:00,50,98,2.61,5.21
2024-03-22 07:57:00,54,94,2.61,4.34
2024-03-22 08:57:00,60,82,0.87,4.34
2024-03-22 09:57:00,62,75,2.61,5.21
2024-03-22 10:57:00,65,68,2.61,8.69
2024-03-22 11:57:00,67,63,4.34,8.69
2024-03-22 12:57:00,70,55,3.48,7.82
2024-03-22 13:57:00,73,44,3.48,9.56
2024-03-22 14:57:00,74,32,3.48,9.56
2024-03-22 15:57:00,76,38,4.34,8.69
2024-03-22 16:57:00,74,42,5.21,11.3
2024-03-22 17:57:00,70,55,6.95,12.17
2024-03-22 18:57:00,65,65,3.48,10.43
2024-03-22 19:57:00,60,74,2.61,5.21
2024-03-22 20:57:00,59,79,3.48,6.08
2024-03-22 21:57:00,57,87,2.61,6.08
2024-03-22 22:57:00,56,92,1.74,4.34
2024-03-22 23:57:00,56,92,0.87,2.61
2024-03-23 01:57:00,49,83,3.48,7.82
2024-03-23 02:57:00,57,86,2.61,5.21
2024-03-23 03:57:00,56,87,0.87,4.34
2024-03-23 04:57:00,55,91,1.74,2.61
2024-03-23 05:57:00,44,89,2.61,3.48
2024-03-23 06:57:00,55,92,0.87,3.48
2024-03-23 07:57:00,56,84,3.48,6.95
2024-03-23 08:57:00,56,91,0.87,6.08
2024-03-23 09:57:00,56,92,0.87,5.21
2024-03-23 10:57:00,56,88,4.34,8.69
2024-03-23 11:57:00,56,91,4.34,9.56
2024-03-23 12:57:00,58,86,0.87,7.82
2024-03-23 13:57:00,60,80,4.34,7.82
2024-03-23 14:57:00,60,80,6.95,14.77
2024-03-23 15:57:00,62,60,6.08,13.03
2024-03-23 16:57:00,63,53,6.08,13.03
2024-03-23 17:57:00,61,53,3.48,10.43
2024-03-23 18:57:00,57,68,3.48,9.56
2024-03-23 19:57:00,55,72,6.08,10.43
2024-03-23 20:57:00,54,76,4.34,12.17
2024-03-23 21:57:00,52,81,2.61,7.82
2024-03-23 22:57:00,52,88,1.74,6.95
2024-03-23 23:57:00,52,77,4.34,7.82
2024-03-24 01:57:00,49,83,3.48,7.82
2024-03-24 02:57:00,46,91,1.74,5.21
2024-03-24 03:57:00,45,94,0.87,3.48
2024-03-24 04:57:00,46,89,2.61,5.21
2024-03-24 05:57:00,44,89,2.61,3.48
2024-03-24 06:57:00,44,95,2.61,5.21
2024-03-24 07:57:00,49,81,3.48,8.69
2024-03-24 08:57:00,55,68,4.34,8.69
2024-03-24 09:57:00,58,57,2.61,8.69
2024-03-24 10:57:00,61,51,2.61,6.95
2024-03-24 11:57:00,62,48,4.34,9.56
2024-03-24 12:57:00,63,41,4.34,10.43
2024-03-24 13:57:00,63,41,5.21,13.9
2024-03-24 14:57:00,59,61,4.34,13.03
2024-03-24 15:57:00,54,81,6.08,14.77
2024-03-24 16:57:00,55,78,5.21,11.3
2024-03-24 17:57:00,53,83,0.87,8.69
2024-03-24 18:57:00,53,88,0.87,5.21
2024-03-24 20:57:00,49,92,0.87,6.08
2024-03-24 21:57:00,49,87,0.87,9.56
2024-03-24 22:57:00,47,92,0.87,4.34
2024-03-24 23:57:00,47,84,2.61,6.95
2024-03-25 01:57:00,48,80,6.08,9.56
2024-03-25 02:57:00,46,84,3.48,10.43
2024-03-25 03:57:00,47,78,2.61,8.69
2024-03-25 04:57:00,47,75,5.21,10.43
2024-03-25 05:57:00,47,73,5.21,10.43
2024-03-25 06:57:00,45,78,2.61,10.43
2024-03-25 07:57:00,50,72,1.74,5.21
2024-03-25 08:57:00,56,64,2.61,5.21
2024-03-25 09:57:00,60,58,1.74,7.82
2024-03-25 10:57:00,62,51,1.74,6.95
2024-03-25 11:57:00,65,43,1.74,6.95
2024-03-25 12:57:00,67,45,5.21,9.56
2024-03-25 13:57:00,68,40,4.34,10.43
2024-03-25 14:57:00,67,44,5.21,12.17
2024-03-25 15:57:00,64,47,6.95,12.17
2024-03-25 16:57:00,63,45,5.21,13.03
2024-03-25 17:57:00,61,48,4.34,11.3
2024-03-25 18:57:00,57,55,1.74,8.69
2024-03-25 19:57:00,56,69,2.61,8.69
2024-03-25 20:57:00,52,81,0.87,2.61
2024-03-25 21:57:00,53,73,0.87,4.34
2024-03-25 22:57:00,53,79,0.87,2.61
2024-03-25 23:57:00,52,78,2.61,5.21
2024-03-26 01:57:00,52,73,3.48,8.69
2024-03-26 02:57:00,52,71,4.34,9.56
2024-03-26 03:57:00,52,71,4.34,7.82
2024-03-26 04:57:00,52,71,4.34,9.56
2024-03-26 05:57:00,52,72,4.34,7.82
2024-03-26 06:57:00,52,70,4.34,9.56
2024-03-26 07:57:00,53,66,4.34,9.56
2024-03-26 08:57:00,57,65,0.87,7.82
2024-03-26 09:57:00,60,60,0.87,5.21
2024-03-26 10:57:00,62,54,2.61,7.82
2024-03-26 11:57:00,66,48,2.61,6.08
2024-03-26 12:57:00,65,49,1.74,6.95
2024-03-26 13:57:00,68,44,4.34,7.82
2024-03-26 14:57:00,70,41,5.21,11.3
2024-03-26 15:57:00,66,53,6.08,14.77
2024-03-26 16:57:00,67,53,6.08,11.3
2024-03-26 17:57:00,63,58,5.21,12.17
2024-03-26 18:57:00,61,59,6.08,11.3
2024-03-26 19:57:00,56,69,2.61,8.69
2024-03-26 20:57:00,54,72,3.48,5.21
2024-03-26 21:57:00,52,79,0.87,5.21
2024-03-26 23:57:00,51,83,0.87,2.61
2024-03-27 01:57:00,50,84,0.87,6.08
2024-03-27 02:57:00,50,87,2.61,5.21
2024-03-27 03:57:00,51,79,3.48,6.95
2024-03-27 04:57:00,49,89,1.74,3.48
2024-03-27 05:57:00,50,76,3.48,10.43
2024-03-27 06:57:00,50,74,6.08,11.3
2024-03-27 07:57:00,53,67,4.34,11.3
2024-03-27 08:57:00,60,61,2.61,8.69
2024-03-27 09:57:00,63,54,1.74,5.21
2024-03-27 10:57:00,67,51,2.61,6.95
2024-03-27 11:57:00,69,47,2.61,6.95
2024-03-27 12:57:00,71,43,4.34,9.56
2024-03-27 13:57:00,73,41,4.34,11.3
2024-03-27 14:57:00,74,37,3.48,10.43
2024-03-27 15:57:00,73,40,6.95,13.9
2024-03-27 16:57:00,73,43,6.08,13.9
2024-03-27 17:57:00,68,53,6.95,13.03
2024-03-27 18:57:00,63,62,4.34,11.3
2024-03-27 19:57:00,59,69,3.48,6.95
2024-03-27 20:57:00,57,73,2.61,5.21
2024-03-27 21:57:00,56,78,2.61,3.48
2024-03-27 22:57:00,57,72,2.61,5.21
2024-03-27 23:57:00,55,73,0.87,3.48
2024-03-28 01:57:00,50,92,0.87,3.48
2024-03-28 02:57:00,49,91,1.74,2.61
2024-03-28 03:57:00,49,87,0.87,7.82
2024-03-28 04:57:00,49,89,1.74,3.48
2024-03-28 05:57:00,50,74,2.61,6.08
2024-03-28 06:57:00,48,82,2.61,6.95
2024-03-28 07:57:00,53,77,0.87,6.08
2024-03-28 08:57:00,57,70,1.74,4.34
2024-03-28 09:57:00,61,64,1.74,6.08
2024-03-28 10:57:00,63,59,2.61,6.08
2024-03-28 11:57:00,66,53,2.61,7.82
2024-03-28 12:57:00,68,51,5.21,9.56
2024-03-28 13:57:00,71,45,3.48,12.17
2024-03-28 14:57:00,71,46,6.95,13.9
2024-03-28 15:57:00,70,49,7.82,13.9
2024-03-28 16:57:00,68,54,6.95,16.51
2024-03-28 17:57:00,62,65,6.08,13.03
2024-03-28 18:57:00,60,75,5.21,13.03
2024-03-28 19:57:00,58,79,3.48,10.43
2024-03-28 20:57:00,58,81,2.61,5.21
2024-03-28 21:57:00,57,83,2.61,6.08
2024-03-28 22:57:00,57,72,2.61,5.21
2024-03-28 23:57:00,55,73,0.87,3.48
2024-03-29 01:57:00,55,81,1.74,5.21
2024-03-29 02:57:00,54,81,1.74,4.34
2024-03-29 03:57:00,51,86,2.61,3.48
2024-03-29 04:57:00,50,98,6.95,11.3
2024-03-29 05:57:00,51,90,1.74,4.34
2024-03-29 06:57:00,52,87,0.87,5.21
2024-03-29 07:57:00,53,82,4.34,6.95
2024-03-29 08:57:00,57,70,3.48,8.69
2024-03-29 09:57:00,56,64,5.21,9.56
2024-03-29 10:57:00,62,50,3.48,10.43
2024-03-29 11:57:00,62,45,6.08,12.17
2024-03-29 12:57:00,63,45,5.21,13.9
2024-03-29 13:57:00,66,35,4.34,12.17
2024-03-29 14:57:00,62,40,5.21,13.03
2024-03-29 15:57:00,65,38,4.34,10.43
2024-03-29 16:57:00,62,41,4.34,10.43
2024-03-29 17:57:00,60,50,5.21,13.03
2024-03-29 18:57:00,57,61,4.34,9.56
2024-03-29 19:57:00,55,66,4.34,9.56
2024-03-29 20:57:00,55,70,0.87,8.69
2024-03-29 21:57:00,55,69,3.48,6.95
2024-03-29 22:57:00,55,68,3.48,7.82
2024-03-29 23:57:00,54,70,2.61,7.82
2024-03-30 01:57:00,50,96,7.82,13.03
2024-03-30 02:57:00,49,93,6.95,12.17
2024-03-30 03:57:00,49,95,4.34,12.17
2024-03-30 04:57:00,50,98,6.95,11.3
2024-03-30 05:57:00,51,98,4.34,12.17
2024-03-30 06:57:00,52,97,5.21,11.3
2024-03-30 07:57:00,50,96,8.69,19.12
2024-03-30 08:57:00,49,91,5.21,15.64
2024-03-30 09:57:00,49,91,0.87,6.08
2024-03-30 10:57:00,49,95,1.74,4.34
2024-03-30 11:57:00,50,90,4.34,11.3
2024-03-30 12:57:00,50,86,4.34,10.43
2024-03-30 13:57:00,52,85,6.95,15.64
2024-03-30 14:57:00,50,83,6.08,19.12
2024-03-30 15:57:00,52,76,6.08,16.51
2024-03-30 16:57:00,54,72,8.69,14.77
2024-03-30 17:57:00,53,71,6.95,14.77
2024-03-30 18:57:00,53,70,4.34,12.17
2024-03-30 19:57:00,51,79,3.48,7.82
2024-03-30 20:57:00,52,77,2.61,6.95
2024-03-30 21:57:00,51,82,2.61,9.56
2024-03-30 22:57:00,51,81,3.48,6.95
2024-03-30 23:57:00,51,81,1.74,9.56
2024-03-31 01:57:00,49,95,4.34,8.69
2024-03-31 02:57:00,49,91,4.34,12.17
2024-03-31 03:57:00,49,88,6.08,10.43
2024-03-31 04:57:00,50,82,4.34,11.3
2024-03-31 05:57:00,48,91,4.34,8.69
2024-03-31 06:57:00,48,89,5.21,13.03
2024-03-31 07:57:00,48,86,5.21,11.3
2024-03-31 08:57:00,58,60,2.61,8.69
2024-03-31 09:57:00,50,81,6.95,13.03
2024-03-31 10:57:00,52,84,4.34,11.3
2024-03-31 11:57:00,54,78,4.34,11.3
2024-03-31 12:57:00,57,68,6.95,13.9
2024-03-31 13:57:00,59,61,7.82,17.38
2024-03-31 14:57:00,58,58,6.95,17.38
2024-03-31 15:57:00,60,55,6.08,15.64
2024-03-31 16:57:00,60,54,6.08,14.77
2024-03-31 17:57:00,60,59,3.48,12.17
2024-03-31 18:57:00,56,63,1.74,6.95
2024-03-31 19:57:00,53,71,2.61,7.82
2024-03-31 20:57:00,52,79,2.61,6.95
2024-03-31 21:57:00,51,74,3.48,6.95
2024-03-31 22:57:00,51,78,2.61,6.95
2024-03-31 23:57:00,51,77,3.48,7.82
2024-04-01 01:57:00,51,77,2.61,6.95
2024-04-01 02:57:00,49,82,1.74,6.08
2024-04-01 03:57:00,49,78,4.34,8.69
2024-04-01 04:57:00,49,78,2.61,8.69
2024-04-01 05:57:00,48,77,5.21,9.56
2024-04-01 06:57:00,48,76,5.21,13.03
2024-04-01 07:57:00,52,67,5.21,10.43
2024-04-01 08:57:00,58,60,2.61,8.69
2024-04-01 09:57:00,62,54,1.74,6.08
2024-04-01 10:57:00,64,49,1.74,6.08
2024-04-01 11:57:00,66,46,1.74,7.82
2024-04-01 12:57:00,68,43,4.34,9.56
2024-04-01 13:57:00,70,40,3.48,10.43
2024-04-01 14:57:00,73,38,6.08,13.03
2024-04-01 15:57:00,72,41,6.95,15.64
2024-04-01 16:57:00,70,42,7.82,16.51
2024-04-01 17:57:00,66,46,7.82,13.9
2024-04-01 18:57:00,63,51,5.21,13.9
2024-04-01 19:57:00,58,63,2.61,9.56
2024-04-01 20:57:00,55,76,0.87,3.48
2024-04-01 21:57:00,59,60,1.74,4.34
2024-04-01 22:57:00,54,76,0.87,4.34
2024-04-01 23:57:00,54,77,1.74,5.21
2024-04-02 01:57:00,54,69,4.34,10.43
2024-04-02 02:57:00,53,69,3.48,8.69
2024-04-02 03:57:00,53,66,3.48,9.56
2024-04-02 04:57:00,53,66,3.48,9.56
2024-04-02 05:57:00,52,69,3.48,10.43
2024-04-02 06:57:00,52,65,5.21,12.17
2024-04-02 07:57:00,57,57,3.48,8.69
2024-04-02 08:57:00,63,49,0.87,4.34
2024-04-02 09:57:00,67,47,1.74,4.34
2024-04-02 10:57:00,70,42,0.87,6.95
2024-04-02 11:57:00,73,36,3.48,6.95
2024-04-02 12:57:00,75,33,5.21,10.43
2024-04-02 13:57:00,78,30,5.21,11.3
2024-04-02 14:57:00,79,27,5.21,10.43
2024-04-02 15:57:00,79,25,6.08,13.9
2024-04-02 16:57:00,78,26,7.82,13.03
2024-04-02 17:57:00,75,26,6.95,13.9
2024-04-02 18:57:00,71,31,4.34,11.3
2024-04-02 19:57:00,63,45,0.87,6.08
2024-04-02 20:57:00,60,62,0.87,5.21
2024-04-02 21:57:00,59,60,1.74,4.34
2024-04-02 22:57:00,58,64,0.87,7.82
2024-04-03 01:57:00,54,74,1.74,3.48
2024-04-03 02:57:00,58,56,2.61,7.82
2024-04-03 03:57:00,58,55,3.48,11.3
2024-04-03 04:57:00,57,56,3.48,6.95
2024-04-03 05:57:00,57,54,4.34,9.56
2024-04-03 06:57:00,54,64,0.87,11.3
2024-04-03 07:57:00,62,47,4.34,11.3
2024-04-03 08:57:00,66,45,1.74,4.34
2024-04-03 09:57:00,73,37,0.87,4.34
2024-04-03 10:57:00,74,36,3.48,6.95
2024-04-03 11:57:00,78,33,1.74,8.69
2024-04-03 12:57:00,79,31,3.48,10.43
2024-04-03 13:57:00,80,31,5.21,10.43
2024-04-03 14:57:00,79,36,7.82,13.03
2024-04-03 15:57:00,79,33,6.95,13.9
2024-04-03 16:57:00,77,34,6.95,13.03
2024-04-03 17:57:00,73,37,6.95,12.17
2024-04-03 18:57:00,67,50,4.34,11.3
2024-04-03 19:57:00,61,66,1.74,8.69
2024-04-03 20:57:00,58,72,2.61,3.48
2024-04-03 21:57:00,56,78,2.61,3.48
2024-04-03 22:57:00,54,86,2.61,5.21
2024-04-03 23:57:00,48,67,1.74,2.61
2024-04-04 01:57:00,51,92,3.48,4.34
2024-04-04 02:57:00,52,98,2.61,4.34
2024-04-04 03:57:00,46,77,2.61,6.08
2024-04-04 04:57:00,54,86,2.61,5.21
2024-04-04 05:57:00,54,84,2.61,6.08
2024-04-04 06:57:00,54,82,2.61,6.08
2024-04-04 07:57:00,46,87,2.61,6.95
2024-04-04 08:57:00,56,74,2.61,4.34
2024-04-04 09:57:00,57,76,3.48,7.82
2024-04-04 10:57:00,59,67,1.74,9.56
2024-04-04 11:57:00,61,65,6.08,11.3
2024-04-04 12:57:00,65,56,5.21,11.3
2024-04-04 13:57:00,63,54,6.08,13.9
2024-04-04 14:57:00,59,65,6.08,13.03
2024-04-04 15:57:00,60,64,2.61,12.17
2024-04-04 16:57:00,58,70,6.95,13.9
2024-04-04 17:57:00,57,61,7.82,14.77
2024-04-04 18:57:00,54,70,7.82,14.77
2024-04-04 19:57:00,52,69,6.95,18.25
2024-04-04 20:57:00,51,63,5.21,9.56
2024-04-04 21:57:00,49,68,2.61,7.82
2024-04-04 22:57:00,47,73,0.87,4.34
2024-04-04 23:57:00,48,67,1.74,2.61
2024-04-05 01:57:00,45,77,1.74,4.34
2024-04-05 02:57:00,46,75,2.61,6.08
2024-04-05 03:57:00,46,77,2.61,6.08
2024-04-05 04:57:00,43,93,0.87,14.77
2024-04-05 05:57:00,44,91,1.74,6.95
2024-04-05 06:57:00,44,93,0.87,4.34
2024-04-05 07:57:00,46,87,2.61,6.95
2024-04-05 08:57:00,47,85,2.61,5.21
2024-04-05 09:57:00,50,78,4.34,8.69
2024-04-05 10:57:00,53,68,2.61,8.69
2024-04-05 11:57:00,54,68,2.61,8.69
2024-04-05 12:57:00,56,60,4.34,11.3
2024-04-05 13:57:00,57,57,4.34,12.17
2024-04-05 14:57:00,59,48,10.43,19.12
2024-04-05 15:57:00,59,44,11.3,22.59
2024-04-05 16:57:00,57,50,10.43,21.72
2024-04-05 17:57:00,53,59,9.56,19.99
2024-04-05 18:57:00,52,61,9.56,18.25
2024-04-05 19:57:00,50,67,6.95,17.38
2024-04-05 20:57:00,48,72,2.61,11.3
2024-04-05 21:57:00,46,77,1.74,7.82
2024-04-05 22:57:00,45,80,3.48,8.69
2024-04-05 23:57:00,45,77,4.34,9.56
2024-04-06 01:57:00,44,75,6.08,13.03
2024-04-06 02:57:00,44,73,6.95,13.03
2024-04-06 03:57:00,44,71,6.95,13.9
2024-04-06 04:57:00,44,69,6.95,12.17
2024-04-06 05:57:00,43,68,8.69,14.77
2024-04-06 06:57:00,44,65,6.08,15.64
2024-04-06 07:57:00,47,57,5.21,12.17
2024-04-06 08:57:00,53,49,3.48,11.3
2024-04-06 09:57:00,59,46,2.61,7.82
2024-04-06 10:57:00,60,40,3.48,9.56
2024-04-06 11:57:00,61,38,4.34,12.17
2024-04-06 12:57:00,64,32,3.48,9.56
2024-04-06 13:57:00,66,29,2.61,10.43
2024-04-06 14:57:00,67,27,4.34,10.43
2024-04-06 15:57:00,68,27,4.34,12.17
2024-04-06 16:57:00,66,34,7.82,13.9
2024-04-06 17:57:00,63,38,6.95,15.64
2024-04-06 18:57:00,58,45,6.08,11.3
2024-04-06 19:57:00,53,54,2.61,8.69
2024-04-06 20:57:00,50,63,1.74,4.34
2024-04-06 21:57:00,49,72,1.74,2.61
2024-04-06 22:57:00,49,71,2.61,5.21
2024-04-06 23:57:00,50,68,4.34,6.08
2024-04-07 01:57:00,50,64,3.48,7.82
2024-04-07 02:57:00,47,69,2.61,6.95
2024-04-07 03:57:00,48,62,1.74,8.69
2024-04-07 04:57:00,47,78,1.74,6.95
2024-04-07 05:57:00,48,57,3.48,8.69
2024-04-07 06:57:00,46,65,1.74,12.17
2024-04-07 07:57:00,52,49,3.48,6.95
2024-04-07 08:57:00,57,48,1.74,5.21
2024-04-07 09:57:00,61,46,2.61,5.21
2024-04-07 10:57:00,63,42,1.74,6.08
2024-04-07 11:57:00,65,32,3.48,7.82
2024-04-07 12:57:00,68,28,3.48,8.69
2024-04-07 13:57:00,69,25,5.21,10.43
2024-04-07 14:57:00,70,21,4.34,10.43
2024-04-07 15:57:00,69,34,6.95,13.03
2024-04-07 16:57:00,68,36,5.21,12.17
2024-04-07 17:57:00,64,43,6.95,13.03
2024-04-07 18:57:00,60,51,4.34,13.03
2024-04-07 19:57:00,55,57,2.61,6.95
2024-04-07 20:57:00,52,64,1.74,5.21
2024-04-07 21:57:00,59,44,2.61,6.95
2024-04-07 22:57:00,50,73,0.87,6.08
2024-04-07 23:57:00,50,74,1.74,6.95
2024-04-08 01:57:00,49,73,3.48,9.56
2024-04-08 02:57:00,48,74,4.34,8.69
2024-04-08 03:57:00,46,79,2.61,9.56
2024-04-08 04:57:00,47,78,1.74,6.95
2024-04-08 05:57:00,45,83,0.87,4.34
2024-04-08 07:57:00,52,70,0.87,3.48
2024-04-08 08:57:00,56,66,2.61,5.21
2024-04-08 09:57:00,59,56,3.48,6.08
2024-04-08 10:57:00,61,53,2.61,6.95
2024-04-08 11:57:00,63,51,1.74,5.21
2024-04-08 12:57:00,67,42,3.48,7.82
2024-04-08 13:57:00,70,37,4.34,9.56
2024-04-08 14:57:00,74,31,4.34,9.56
2024-04-08 15:57:00,76,25,5.21,10.43
2024-04-08 16:57:00,75,26,6.95,13.03
2024-04-08 17:57:00,72,27,4.34,13.9
2024-04-08 18:57:00,69,34,2.61,9.56
2024-04-08 19:57:00,62,46,0.87,5.21
2024-04-08 20:57:00,62,40,2.61,6.95
2024-04-08 21:57:00,59,44,2.61,6.95
2024-04-08 22:57:00,58,46,2.61,6.95
2024-04-08 23:57:00,58,44,5.21,10.43
2024-04-09 01:57:00,57,38,3.48,10.43
2024-04-09 02:57:00,57,36,6.08,12.17
2024-04-09 03:57:00,56,35,8.69,13.03
2024-04-09 04:57:00,56,35,6.08,14.77
2024-04-09 05:57:00,51,50,1.74,8.69
2024-04-09 06:57:00,50,56,1.74,7.82
2024-04-09 07:57:00,60,41,0.87,4.34
2024-04-09 08:57:00,67,31,1.74,6.08
2024-04-09 09:57:00,73,21,0.87,6.08
2024-04-09 10:57:00,75,19,3.48,7.82
2024-04-09 11:57:00,77,17,5.21,9.56
2024-04-09 12:57:00,80,16,6.08,13.03
2024-04-09 13:57:00,81,13,4.34,12.17
2024-04-09 14:57:00,83,13,4.34,10.43
2024-04-09 15:57:00,83,14,6.95,14.77
2024-04-09 16:57:00,80,17,6.95,14.77
2024-04-09 17:57:00,78,17,5.21,13.03
2024-04-09 18:57:00,74,22,2.61,9.56
2024-04-09 20:57:00,64,36,2.61,6.95
2024-04-09 21:57:00,66,33,5.21,12.17
2024-04-09 22:57:00,65,35,6.08,10.43
2024-04-09 23:57:00,63,36,6.95,11.3
2024-04-10 01:57:00,63,33,5.21,13.9
2024-04-10 02:57:00,62,34,6.95,11.3
2024-04-10 03:57:00,62,34,5.21,12.17
2024-04-10 04:57:00,61,34,4.34,14.77
2024-04-10 05:57:00,60,36,4.34,14.77
2024-04-10 06:57:00,59,38,5.21,13.03
2024-04-10 07:57:00,64,34,2.61,10.43
2024-04-10 08:57:00,68,32,1.74,4.34
2024-04-10 09:57:00,73,25,2.61,5.21
2024-04-10 10:57:00,79,24,2.61,7.82
2024-04-10 11:57:00,81,19,4.34,8.69
2024-04-10 12:57:00,83,19,4.34,9.56
2024-04-10 13:57:00,84,17,5.21,9.56
2024-04-10 14:57:00,86,19,6.08,10.43
2024-04-10 15:57:00,86,25,6.08,13.03
2024-04-10 16:57:00,84,26,6.08,12.17
2024-04-10 17:57:00,81,25,6.08,11.3
2024-04-10 18:57:00,77,31,2.61,9.56
2024-04-10 19:57:00,69,42,3.48,5.21
2024-04-10 20:57:00,65,49,2.61,3.48
2024-04-10 21:57:00,62,55,3.48,3.48
2024-04-10 22:57:00,59,64,1.74,3.48
2024-04-10 23:57:00,56,72,2.61,3.48
2024-04-11 01:57:00,54,81,0.87,1.74
2024-04-11 08:57:00,68,52,2.61,3.48
2024-04-11 10:57:00,79,33,3.48,6.08
2024-04-11 12:57:00,87,22,3.48,6.95
2024-04-11 13:57:00,88,22,6.08,10.43
2024-04-11 14:57:00,87,30,6.95,12.17
2024-04-11 15:57:00,83,34,6.08,13.9
2024-04-11 19:57:00,65,58,2.61,4.34
2024-04-11 20:57:00,61,69,4.34,6.95
2024-04-11 21:57:00,58,76,2.61,6.95
2024-04-11 22:57:00,56,82,2.61,4.34
2024-04-11 23:57:00,54,87,3.48,5.21
2024-04-12 01:57:00,54,97,2.61,5.21
2024-04-12 02:57:00,54,94,1.74,5.21
2024-04-12 03:57:00,54,93,0.87,4.34
2024-04-12 06:57:00,55,90,1.74,5.21
2024-04-12 07:57:00,56,87,0.87,6.08
2024-04-12 08:57:00,55,91,3.48,6.95
2024-04-12 09:57:00,57,87,1.74,6.08
2024-04-12 10:57:00,58,83,1.74,5.21
2024-04-12 11:57:00,59,81,5.21,7.82
2024-04-12 12:57:00,59,78,4.34,7.82
2024-04-12 13:57:00,59,76,3.48,8.69
2024-04-12 14:57:00,62,68,1.74,6.08
2024-04-12 15:57:00,60,72,4.34,7.82
2024-04-12 16:57:00,59,75,3.48,7.82
2024-04-12 17:57:00,59,74,2.61,6.08
2024-04-12 18:57:00,59,74,0.87,5.21
2024-04-12 19:57:00,58,76,0.87,3.48
2024-04-12 21:57:00,57,75,1.74,3.48
2024-04-12 22:57:00,57,73,2.61,5.21
2024-04-12 23:57:00,57,73,1.74,3.48
2024-04-13 01:57:00,56,74,0.87,2.61
2024-04-13 02:57:00,56,76,0.87,4.34
2024-04-13 03:57:00,55,76,0.87,3.48
2024-04-13 04:57:00,56,74,1.74,5.21
2024-04-13 05:57:00,56,70,2.61,6.08
2024-04-13 06:57:00,56,72,2.61,6.95
2024-04-13 07:57:00,58,61,3.48,6.08
2024-04-13 08:57:00,60,55,3.48,9.56
2024-04-13 09:57:00,60,58,3.48,10.43
2024-04-13 10:57:00,63,49,5.21,11.3
2024-04-13 11:57:00,65,43,4.34,13.9
2024-04-13 12:57:00,64,45,6.08,13.03
2024-04-13 13:57:00,64,46,5.21,13.03
2024-04-13 14:57:00,62,52,3.48,13.9
2024-04-13 15:57:00,61,58,6.95,15.64
2024-04-13 16:57:00,58,69,7.82,16.51
2024-04-13 17:57:00,55,90,1.74,12.17
2024-04-13 18:57:00,51,94,12.17,20.86
2024-04-13 19:57:00,50,87,4.34,19.12
2024-04-13 20:57:00,50,94,3.48,9.56
2024-04-13 21:57:00,49,95,3.48,9.56
2024-04-13 22:57:00,47,98,4.34,6.08
2024-04-13 23:57:00,46,98,0.87,6.08
2024-04-14 03:57:00,44,98,1.74,2.61
2024-04-14 04:57:00,45,94,3.48,6.08
2024-04-14 05:57:00,46,93,1.74,7.82
2024-04-14 06:57:00,48,83,1.74,6.08
2024-04-14 07:57:00,49,79,1.74,5.21
2024-04-14 08:57:00,52,74,2.61,7.82
2024-04-14 09:57:00,55,69,1.74,6.95
2024-04-14 10:57:00,57,67,2.61,6.08
2024-04-14 11:57:00,56,73,2.61,6.95
2024-04-14 12:57:00,54,90,2.61,6.08
2024-04-14 13:57:00,54,91,0.87,5.21
2024-04-14 14:57:00,54,92,1.74,5.21
2024-04-14 15:57:00,53,94,1.74,4.34
2024-04-14 16:57:00,52,96,1.74,6.95
2024-04-14 18:57:00,53,94,0.87,2.61
2024-04-14 19:57:00,52,97,2.61,4.34
2024-04-14 20:57:00,52,96,1.74,4.34
2024-04-14 22:57:00,51,97,1.74,3.48
2024-04-14 23:57:00,51,97,0.87,3.48
2024-04-15 02:57:00,50,87,3.48,6.08
2024-04-15 03:57:00,49,84,4.34,9.56
2024-04-15 04:57:00,48,85,4.34,10.43
2024-04-15 05:57:00,48,81,5.21,11.3
2024-04-15 06:57:00,49,80,4.34,9.56
2024-04-15 07:57:00,51,74,5.21,10.43
2024-04-15 08:57:00,58,65,0.87,8.69
2024-04-15 09:57:00,61,60,2.61,7.82
2024-04-15 10:57:00,61,59,3.48,10.43
2024-04-15 11:57:00,65,53,1.74,8.69
2024-04-15 12:57:00,66,49,2.61,7.82
2024-04-15 13:57:00,68,45,2.61,13.03
2024-04-15 14:57:00,70,45,3.48,7.82
2024-04-15 15:57:00,71,44,4.34,9.56
2024-04-15 16:57:00,71,43,2.61,8.69
2024-04-15 17:57:00,69,49,6.95,10.43
2024-04-15 18:57:00,65,53,4.34,10.43
2024-04-15 19:57:00,59,59,4.34,7.82
2024-04-15 20:57:00,56,69,2.61,6.08
2024-04-15 22:57:00,53,86,0.87,4.34
2024-04-16 02:57:00,51,87,0.87,3.48
2024-04-16 03:57:00,51,84,1.74,3.48
2024-04-16 04:57:00,50,82,0.87,4.34
2024-04-16 05:57:00,52,71,2.61,6.08
2024-04-16 07:57:00,60,54,4.34,12.17
2024-04-16 08:57:00,64,53,2.61,8.69
2024-04-16 09:57:00,70,40,1.74,4.34
2024-04-16 10:57:00,74,40,1.74,5.21
2024-04-16 11:57:00,77,35,2.61,6.95
2024-04-16 12:57:00,79,28,4.34,7.82
2024-04-16 13:57:00,82,25,4.34,9.56
2024-04-16 14:57:00,84,23,5.21,10.43
2024-04-16 15:57:00,84,29,8.69,14.77
2024-04-16 16:57:00,80,31,8.69,14.77
2024-04-16 17:57:00,76,33,6.08,14.77
2024-04-16 18:57:00,73,38,1.74,10.43
2024-04-16 19:57:00,65,48,2.61,6.08
2024-04-16 22:57:00,58,73,0.87,3.48
2024-04-17 03:57:00,53,88,0.87,4.34
2024-04-17 07:57:00,63,59,0.87,2.61
2024-04-17 08:57:00,68,52,0.87,3.48
2024-04-17 09:57:00,72,46,1.74,5.21
2024-04-17 10:57:00,75,37,1.74,7.82
2024-04-17 11:57:00,78,32,4.34,7.82
2024-04-17 12:57:00,81,32,4.34,9.56
2024-04-17 13:57:00,82,29,4.34,8.69
2024-04-17 14:57:00,83,30,6.08,11.3
2024-04-17 15:57:00,80,35,6.95,13.9
2024-04-17 16:57:00,77,29,6.08,13.9
2024-04-17 17:57:00,75,31,6.95,11.3
2024-04-17 18:57:00,70,35,4.34,8.69
2024-04-17 19:57:00,64,49,2.61,6.08
2024-04-17 20:57:00,62,57,0.87,3.48
2024-04-17 23:57:00,58,75,2.61,3.48
2024-04-18 01:57:00,55,85,3.48,4.34
2024-04-18 02:57:00,55,87,1.74,6.08
2024-04-18 03:57:00,54,92,1.74,3.48
2024-04-18 04:57:00,53,96,2.61,3.48
2024-04-18 05:57:00,53,98,2.61,4.34
2024-04-18 06:57:00,54,100,4.34,6.95
2024-04-18 07:57:00,56,97,0.87,6.95
2024-04-18 09:57:00,61,79,1.74,5.21
2024-04-18 10:57:00,69,62,1.74,6.95
2024-04-18 11:57:00,74,47,1.74,6.08
2024-04-18 12:57:00,76,39,6.08,14.77
2024-04-18 13:57:00,78,35,5.21,10.43
2024-04-18 14:57:00,77,41,6.08,12.17
2024-04-18 15:57:00,78,39,4.34,11.3
2024-04-18 16:57:00,76,45,6.08,11.3
2024-04-18 17:57:00,72,50,6.08,11.3
2024-04-18 18:57:00,68,58,4.34,10.43
2024-04-18 19:57:00,62,71,5.21,8.69
2024-04-18 20:57:00,59,77,2.61,6.95
2024-04-18 21:57:00,57,85,0.87,5.21
2024-04-18 22:57:00,55,93,3.48,6.08
2024-04-18 23:57:00,54,95,2.61,6.08
2024-04-19 01:57:00,56,88,2.61,5.21
2024-04-19 03:57:00,56,87,0.87,5.21
2024-04-19 04:57:00,56,85,0.87,3.48
2024-04-19 05:57:00,56,85,0.87,4.34
2024-04-19 07:57:00,57,80,0.87,4.34
2024-04-19 09:57:00,59,78,2.61,5.21
2024-04-19 10:57:00,61,72,3.48,6.95
2024-04-19 11:57:00,64,64,1.74,10.43
2024-04-19 12:57:00,68,56,3.48,7.82
2024-04-19 13:57:00,70,55,3.48,9.56
2024-04-19 14:57:00,72,49,5.21,10.43
2024-04-19 15:57:00,74,46,4.34,10.43
2024-04-19 16:57:00,72,49,6.08,13.03
2024-04-19 17:57:00,69,56,6.08,12.17
2024-04-19 18:57:00,64,66,5.21,13.03
2024-04-19 19:57:00,59,77,3.48,7.82
2024-04-19 20:57:00,58,79,2.61,7.82
2024-04-19 21:57:00,55,86,2.61,6.08
2024-04-19 22:57:00,54,89,1.74,3.48
2024-04-19 23:57:00,53,93,1.74,3.48
2024-04-20 01:57:00,55,91,1.74,2.61
2024-04-20 02:57:00,56,88,0.87,3.48
2024-04-20 04:57:00,56,86,3.48,6.08
2024-04-20 05:57:00,56,86,1.74,5.21
2024-04-20 07:57:00,57,84,0.87,4.34
2024-04-20 08:57:00,58,82,0.87,5.21
2024-04-20 09:57:00,59,80,1.74,3.48
2024-04-20 10:57:00,61,75,2.61,5.21
2024-04-20 11:57:00,63,72,1.74,6.95
2024-04-20 12:57:00,66,65,2.61,6.08
2024-04-20 13:57:00,70,59,2.61,6.95
2024-04-20 14:57:00,72,55,2.61,10.43
2024-04-20 15:57:00,73,52,2.61,11.3
2024-04-20 16:57:00,75,50,2.61,6.95
2024-04-20 17:57:00,72,52,6.08,10.43
2024-04-20 18:57:00,67,60,5.21,9.56
2024-04-20 19:57:00,62,73,2.61,6.95
2024-04-20 20:57:00,59,81,2.61,5.21
2024-04-20 21:57:00,56,87,1.74,3.48
2024-04-20 22:57:00,55,91,0.87,3.48
2024-04-20 23:57:00,55,92,1.74,3.48
2024-04-21 08:57:00,63,77,1.74,4.34
2024-04-21 09:57:00,69,64,1.74,5.21
2024-04-21 10:57:00,73,57,2.61,6.08
2024-04-21 11:57:00,77,49,3.48,8.69
2024-04-21 12:57:00,79,47,5.21,9.56
2024-04-21 13:57:00,82,44,4.34,10.43
2024-04-21 14:57:00,81,44,5.21,11.3
2024-04-21 15:57:00,80,45,6.08,11.3
2024-04-21 16:57:00,78,48,6.08,11.3
2024-04-21 17:57:00,73,54,6.08,11.3
2024-04-21 18:57:00,68,65,5.21,9.56
2024-04-21 19:57:00,62,78,4.34,9.56
2024-04-21 20:57:00,59,88,2.61,7.82
2024-04-21 21:57:00,59,91,0.87,4.34
2024-04-21 22:57:00,59,88,2.61,5.21
2024-04-21 23:57:00,59,89,0.87,4.34
2024-04-22 01:57:00,59,90,0.87,2.61
2024-04-22 02:57:00,58,93,0.87,2.61
2024-04-22 05:57:00,58,89,2.61,5.21
2024-04-22 06:57:00,58,87,2.61,5.21
2024-04-22 07:57:00,59,83,1.74,4.34
2024-04-22 08:57:00,62,81,1.74,6.08
2024-04-22 09:57:00,65,75,1.74,5.21
2024-04-22 10:57:00,68,70,3.48,8.69
2024-04-22 11:57:00,68,69,4.34,9.56
2024-04-22 12:57:00,71,63,5.21,8.69
2024-04-22 13:57:00,73,59,5.21,11.3
2024-04-22 14:57:00,73,59,6.95,12.17
2024-04-22 15:57:00,72,59,6.95,12.17
2024-04-22 16:57:00,70,62,7.82,14.77
2024-04-22 17:57:00,66,69,7.82,13.03
2024-04-22 18:57:00,61,79,5.21,11.3
2024-04-22 19:57:00,60,82,4.34,9.56
2024-04-22 20:57:00,60,85,4.34,8.69
2024-04-22 21:57:00,59,86,2.61,8.69
2024-04-22 22:57:00,59,87,2.61,6.08
2024-04-22 23:57:00,59,86,3.48,5.21
2024-04-23 01:57:00,58,88,0.87,6.08
2024-04-23 02:57:00,58,89,1.74,3.48
2024-04-23 03:57:00,57,93,2.61,4.34
2024-04-23 04:57:00,57,96,2.61,5.21
2024-04-23 05:57:00,57,96,1.74,4.34
2024-04-23 06:57:00,57,96,2.61,4.34
2024-04-23 09:57:00,61,80,1.74,5.21
2024-04-23 10:57:00,63,76,4.34,6.95
2024-04-23 11:57:00,66,66,2.61,6.95
2024-04-23 12:57:00,66,63,3.48,6.95
2024-04-23 13:57:00,66,63,0.87,6.95
2024-04-23 14:57:00,67,60,4.34,6.95
2024-04-23 15:57:00,67,60,4.34,8.69
2024-04-23 16:57:00,67,57,2.61,7.82
2024-04-23 17:57:00,67,58,2.61,8.69
2024-04-23 18:57:00,65,60,4.34,6.95
2024-04-23 19:57:00,60,70,4.34,8.69
2024-04-23 20:57:00,57,75,3.48,9.56
2024-04-23 21:57:00,53,81,3.48,5.21
2024-04-23 22:57:00,52,84,2.61,4.34
2024-04-23 23:57:00,51,91,0.87,4.34
2024-04-24 02:57:00,55,82,1.74,3.48
2024-04-24 03:57:00,55,81,0.87,4.34
2024-04-24 05:57:00,55,87,1.74,2.61
2024-04-24 06:57:00,57,80,0.87,3.48
2024-04-24 07:57:00,58,77,2.61,4.34
2024-04-24 09:57:00,63,63,3.48,5.21
2024-04-24 10:57:00,66,55,2.61,6.95
2024-04-24 11:57:00,68,52,2.61,7.82
2024-04-24 12:57:00,69,48,4.34,9.56
2024-04-24 13:57:00,67,54,5.21,20.86
2024-04-24 14:57:00,69,52,5.21,13.03
2024-04-24 15:57:00,68,54,6.08,11.3
2024-04-24 16:57:00,67,55,6.08,11.3
2024-04-24 17:57:00,64,58,6.08,11.3
2024-04-24 18:57:00,62,65,6.95,11.3
2024-04-24 19:57:00,60,69,4.34,11.3
2024-04-24 20:57:00,58,70,4.34,9.56
2024-04-24 21:57:00,58,73,0.87,7.82
2024-04-24 22:57:00,57,76,3.48,6.95
2024-04-24 23:57:00,57,79,2.61,6.08
2024-04-25 01:57:00,57,81,1.74,4.34
2024-04-25 02:57:00,56,79,3.48,7.82
2024-04-25 03:57:00,56,79,4.34,6.95
2024-04-25 04:57:00,55,84,2.61,6.95
2024-04-25 05:57:00,55,86,0.87,4.34
2024-04-25 07:57:00,56,82,2.61,5.21
2024-04-25 08:57:00,57,75,0.87,5.21
2024-04-25 09:57:00,59,72,1.74,6.08
2024-04-25 10:57:00,61,70,5.21,10.43
2024-04-25 11:57:00,63,61,4.34,10.43
2024-04-25 12:57:00,64,58,2.61,6.95
2024-04-25 13:57:00,64,59,3.48,10.43
2024-04-25 14:57:00,64,61,5.21,10.43
2024-04-25 15:57:00,64,55,5.21,8.69
2024-04-25 16:57:00,64,56,5.21,13.03
2024-04-25 17:57:00,61,62,6.08,11.3
2024-04-25 18:57:00,60,63,6.08,11.3
2024-04-25 19:57:00,59,67,4.34,11.3
2024-04-25 20:57:00,58,70,3.48,7.82
2024-04-25 21:57:00,58,71,2.61,5.21
2024-04-25 22:57:00,57,71,2.61,5.21
2024-04-25 23:57:00,57,75,2.61,6.08
2024-04-26 01:57:00,56,86,2.61,4.34
2024-04-26 02:57:00,55,86,2.61,5.21
2024-04-26 03:57:00,55,88,2.61,5.21
2024-04-26 04:57:00,55,88,2.61,5.21
2024-04-26 05:57:00,55,89,2.61,4.34
2024-04-26 06:57:00,56,87,2.61,6.95
2024-04-26 07:57:00,56,87,2.61,5.21
2024-04-26 08:57:00,58,81,3.48,6.08
2024-04-26 09:57:00,61,74,4.34,8.69
2024-04-26 10:57:00,61,72,2.61,7.82
2024-04-26 11:57:00,65,60,3.48,6.95
2024-04-26 12:57:00,67,58,2.61,7.82
2024-04-26 13:57:00,67,59,6.95,12.17
2024-04-26 14:57:00,67,55,6.08,15.64
2024-04-26 15:57:00,67,51,6.95,13.9
2024-04-26 16:57:00,68,54,6.95,15.64
2024-04-26 17:57:00,66,58,6.08,13.03
2024-04-26 18:57:00,62,69,2.61,10.43
2024-04-26 19:57:00,61,71,3.48,6.95
2024-04-26 20:57:00,59,79,4.34,7.82
2024-04-26 21:57:00,57,84,2.61,9.56
2024-04-26 22:57:00,57,84,2.61,6.95
2024-04-26 23:57:00,56,84,2.61,6.08
2024-04-27 05:57:00,52,84,2.61,6.95
2024-04-27 06:57:00,54,87,0.87,10.43
2024-04-27 07:57:00,59,69,1.74,8.69
2024-04-27 08:57:00,62,68,1.74,5.21
2024-04-27 09:57:00,64,60,2.61,6.95
2024-04-27 10:57:00,64,59,2.61,5.21
2024-04-27 11:57:00,68,51,2.61,7.82
2024-04-27 12:57:00,71,47,4.34,12.17
2024-04-27 13:57:00,74,42,4.34,13.03
2024-04-27 14:57:00,74,45,7.82,16.51
2024-04-27 15:57:00,75,43,6.95,16.51
2024-04-27 16:57:00,73,37,7.82,14.77
2024-04-27 17:57:00,70,35,6.95,14.77
2024-04-27 18:57:00,68,41,5.21,11.3
2024-04-27 19:57:00,61,52,1.74,10.43
2024-04-27 20:57:00,58,59,1.74,4.34
2024-04-27 21:57:00,56,63,1.74,4.34
2024-04-27 23:57:00,55,71,2.61,5.21
2024-04-28 01:57:00,55,71,2.61,6.08
2024-04-28 02:57:00,54,76,1.74,8.69
2024-04-28 03:57:00,54,72,3.48,10.43
2024-04-28 04:57:00,51,78,1.74,6.08
2024-04-28 05:57:00,54,70,3.48,8.69
2024-04-28 06:57:00,55,66,4.34,9.56
2024-04-28 07:57:00,61,59,1.74,8.69
2024-04-28 08:57:00,65,54,0.87,4.34
2024-04-28 09:57:00,68,48,1.74,6.08
2024-04-28 10:57:00,72,40,1.74,6.08
2024-04-28 11:57:00,73,39,2.61,8.69
2024-04-28 12:57:00,76,37,4.34,8.69
2024-04-28 13:57:00,77,34,4.34,9.56
2024-04-28 14:57:00,80,32,5.21,11.3
2024-04-28 15:57:00,77,41,6.08,13.9
2024-04-28 16:57:00,77,41,6.08,12.17
2024-04-28 17:57:00,74,43,6.08,11.3
2024-04-28 18:57:00,71,45,4.34,10.43
2024-04-28 19:57:00,64,55,3.48,7.82
2024-04-28 20:57:00,62,59,0.87,5.21
2024-04-28 22:57:00,59,73,0.87,2.61
2024-04-28 23:57:00,58,77,0.87,2.61
2024-04-29 01:57:00,56,81,2.61,4.34
2024-04-29 03:57:00,55,82,3.48,5.21
2024-04-29 05:57:00,55,78,0.87,6.08
2024-04-29 07:57:00,63,63,1.74,5.21
2024-04-29 08:57:00,67,58,2.61,5.21
2024-04-29 09:57:00,70,54,2.61,6.95
2024-04-29 10:57:00,73,48,4.34,7.82
2024-04-29 11:57:00,76,42,3.48,11.3
2024-04-29 12:57:00,79,38,4.34,8.69
2024-04-29 13:57:00,81,35,5.21,11.3
2024-04-29 14:57:00,81,39,6.08,14.77
2024-04-29 15:57:00,80,38,7.82,14.77
2024-04-29 16:57:00,79,35,6.95,13.9
2024-04-29 17:57:00,76,35,6.08,11.3
2024-04-29 18:57:00,73,39,5.21,10.43
2024-04-29 19:57:00,67,50,2.61,7.82
2024-04-29 20:57:00,64,58,2.61,4.34
2024-04-29 21:57:00,61,63,1.74,2.61
2024-04-29 22:57:00,60,70,1.74,3.48
2024-04-30 01:57:00,56,81,1.74,3.48
2024-04-30 02:57:00,54,85,0.87,3.48
2024-04-30 03:57:00,53,92,2.61,3.48
2024-04-30 04:57:00,55,96,2.61,5.21
2024-04-30 05:57:00,56,94,2.61,4.34
2024-04-30 07:57:00,61,78,1.74,3.48
2024-04-30 08:57:00,64,73,2.61,6.08
2024-04-30 09:57:00,68,66,2.61,6.08
2024-04-30 10:57:00,71,55,2.61,6.95
2024-04-30 11:57:00,74,47,3.48,7.82
2024-04-30 12:57:00,78,40,4.34,9.56
2024-04-30 13:57:00,79,39,5.21,11.3
2024-04-30 14:57:00,81,40,6.95,14.77
2024-04-30 15:57:00,78,46,6.95,15.64
2024-04-30 16:57:00,76,48,6.95,13.03
2024-04-30 17:57:00,74,49,6.08,11.3
2024-04-30 18:57:00,70,55,6.08,10.43
2024-04-30 19:57:00,65,64,4.34,9.56
2024-04-30 20:57:00,62,76,3.48,6.95
2024-04-30 21:57:00,60,83,2.61,6.08
2024-04-30 22:57:00,58,89,1.74,2.61
2024-04-30 23:57:00,59,85,1.74,4.34
2024-05-01 01:57:00,59,83,2.61,6.08
2024-05-01 02:57:00,59,82,2.61,4.34
2024-05-01 04:57:00,58,88,1.74,4.34
2024-05-01 05:57:00,59,85,0.87,2.61
2024-05-01 06:57:00,59,82,2.61,6.08
2024-05-01 07:57:00,60,79,3.48,6.08
2024-05-01 08:57:00,63,73,4.34,6.95
2024-05-01 09:57:00,65,65,2.61,6.95
2024-05-01 10:57:00,69,55,3.48,8.69
2024-05-01 11:57:00,73,50,4.34,9.56
2024-05-01 12:57:00,75,46,5.21,13.03
2024-05-01 13:57:00,77,45,6.95,13.9
2024-05-01 14:57:00,76,47,6.95,15.64
2024-05-01 15:57:00,75,49,7.82,17.38
2024-05-01 16:57:00,74,49,6.08,15.64
2024-05-01 17:57:00,71,55,6.08,14.77
2024-05-01 18:57:00,68,60,6.08,9.56
2024-05-01 19:57:00,63,70,3.48,8.69
2024-05-01 20:57:00,60,76,2.61,5.21
2024-05-01 21:57:00,60,79,1.74,3.48
2024-05-01 22:57:00,58,84,0.87,3.48
2024-05-02 02:57:00,54,92,1.74,4.34
2024-05-02 04:57:00,55,98,1.74,3.48
2024-05-02 05:57:00,56,86,2.61,4.34
2024-05-02 06:57:00,56,84,2.61,5.21
2024-05-02 07:57:00,58,82,1.74,6.95
2024-05-02 08:57:00,61,77,1.74,5.21
2024-05-02 09:57:00,62,78,2.61,6.08
2024-05-02 10:57:00,64,73,3.48,6.95
2024-05-02 11:57:00,69,64,3.48,7.82
2024-05-02 12:57:00,72,59,3.48,9.56
2024-05-02 13:57:00,73,55,5.21,11.3
2024-05-02 14:57:00,76,51,6.08,12.17
2024-05-02 15:57:00,77,49,6.08,12.17
2024-05-02 16:57:00,75,49,7.82,13.9
2024-05-02 17:57:00,72,56,6.08,13.9
2024-05-02 18:57:00,69,63,4.34,9.56
2024-05-02 19:57:00,63,75,3.48,9.56
2024-05-02 20:57:00,60,82,2.61,7.82
2024-05-02 21:57:00,61,81,1.74,5.21
2024-05-02 22:57:00,60,82,0.87,5.21
2024-05-02 23:57:00,60,83,1.74,4.34
2024-05-03 01:57:00,61,82,0.87,2.61
2024-05-03 02:57:00,60,85,2.61,4.34
2024-05-03 04:57:00,60,87,0.87,2.61
2024-05-03 05:57:00,59,84,0.87,2.61
2024-05-03 06:57:00,58,82,3.48,6.08
2024-05-03 07:57:00,59,80,1.74,6.08
2024-05-03 08:57:00,60,87,1.74,5.21
2024-05-03 09:57:00,61,83,2.61,6.08
2024-05-03 10:57:00,63,80,3.48,6.08
2024-05-03 11:57:00,65,73,4.34,6.95
2024-05-03 12:57:00,66,71,3.48,7.82
2024-05-03 13:57:00,69,64,2.61,7.82
2024-05-03 14:57:00,71,58,2.61,6.95
2024-05-03 15:57:00,74,52,3.48,9.56
2024-05-03 16:57:00,74,51,2.61,12.17
2024-05-03 17:57:00,73,53,5.21,8.69
2024-05-03 18:57:00,68,64,5.21,10.43
2024-05-03 19:57:00,62,73,3.48,8.69
2024-05-03 20:57:00,59,80,2.61,6.08
2024-05-03 21:57:00,57,84,2.61,4.34
2024-05-03 22:57:00,56,88,2.61,4.34
2024-05-03 23:57:00,55,90,1.74,3.48
2024-05-04 03:57:00,59,85,0.87,1.74
2024-05-04 04:57:00,59,84,0.87,3.48
2024-05-04 05:57:00,59,85,0.87,4.34
2024-05-04 07:57:00,59,84,0.87,2.61
2024-05-04 08:57:00,60,81,3.48,5.21
2024-05-04 10:57:00,65,66,0.87,3.48
2024-05-04 11:57:00,64,68,3.48,6.95
2024-05-04 12:57:00,64,74,3.48,8.69
2024-05-04 13:57:00,67,62,3.48,7.82
2024-05-04 14:57:00,68,60,3.48,7.82
2024-05-04 15:57:00,66,63,6.08,10.43
2024-05-04 16:57:00,65,68,6.95,14.77
2024-05-04 17:57:00,62,72,6.08,13.03
2024-05-04 18:57:00,61,73,4.34,11.3
2024-05-04 19:57:00,59,77,4.34,8.69
2024-05-04 20:57:00,58,79,4.34,7.82
2024-05-04 21:57:00,58,80,4.34,6.95
2024-05-04 22:57:00,57,80,4.34,8.69
2024-05-04 23:57:00,57,82,4.34,8.69
2024-05-05 01:57:00,55,99,3.48,6.95
2024-05-05 02:57:00,54,99,3.48,8.69
2024-05-05 03:57:00,55,100,1.74,5.21
2024-05-05 04:57:00,54,97,6.95,14.77
2024-05-05 05:57:00,53,96,2.61,9.56
2024-05-05 06:57:00,52,95,3.48,10.43
2024-05-05 07:57:00,53,92,1.74,5.21
2024-05-05 08:57:00,55,85,3.48,6.08
2024-05-05 09:57:00,59,68,1.74,6.95
2024-05-05 10:57:00,61,59,1.74,6.95
2024-05-05 11:57:00,65,46,2.61,8.69
2024-05-05 12:57:00,67,44,3.48,9.56
2024-05-05 13:57:00,69,41,6.95,12.17
2024-05-05 14:57:00,70,38,6.08,18.25
2024-05-05 15:57:00,70,34,7.82,14.77
2024-05-05 16:57:00,69,37,10.43,16.51
2024-05-05 17:57:00,66,41,8.69,17.38
2024-05-05 18:57:00,64,45,7.82,15.64
2024-05-05 19:57:00,61,50,2.61,12.17
2024-05-05 20:57:00,59,56,3.48,10.43
2024-05-05 21:57:00,57,60,1.74,9.56
2024-05-05 22:57:00,55,67,0.87,6.95
2024-05-05 23:57:00,53,76,1.74,6.08
2024-05-06 01:57:00,52,75,3.48,6.95
2024-05-06 02:57:00,51,76,4.34,8.69
2024-05-06 03:57:00,50,78,2.61,8.69
2024-05-06 04:57:00,50,77,3.48,9.56
2024-05-06 05:57:00,50,75,4.34,11.3
2024-05-06 06:57:00,52,68,4.34,11.3
2024-05-06 07:57:00,58,59,3.48,10.43
2024-05-06 08:57:00,61,56,1.74,6.08
2024-05-06 09:57:00,65,51,1.74,6.08
2024-05-06 10:57:00,67,46,2.61,7.82
2024-05-06 11:57:00,71,41,2.61,7.82
2024-05-06 12:57:00,73,39,4.34,8.69
2024-05-06 13:57:00,76,33,5.21,10.43
2024-05-06 14:57:00,78,29,4.34,9.56
2024-05-06 15:57:00,77,33,6.08,13.03
2024-05-06 16:57:00,74,33,6.08,12.17
2024-05-06 17:57:00,72,34,5.21,11.3
2024-05-06 18:57:00,69,38,5.21,10.43
2024-05-06 19:57:00,63,49,3.48,8.69
2024-05-06 20:57:00,59,60,2.61,4.34
2024-05-06 22:57:00,58,68,3.48,7.82
2024-05-06 23:57:00,55,77,0.87,3.48
2024-05-07 01:57:00,55,77,5.21,7.82
2024-05-07 02:57:00,55,76,4.34,8.69
2024-05-07 03:57:00,55,74,3.48,7.82
2024-05-07 04:57:00,55,72,2.61,8.69
2024-05-07 05:57:00,53,75,1.74,9.56
2024-05-07 06:57:00,56,66,3.48,6.08
2024-05-07 07:57:00,61,56,2.61,8.69
2024-05-07 08:57:00,66,48,1.74,6.95
2024-05-07 09:57:00,69,43,2.61,7.82
2024-05-07 10:57:00,72,38,3.48,7.82
2024-05-07 11:57:00,74,34,3.48,10.43
2024-05-07 12:57:00,76,33,4.34,10.43
2024-05-07 13:57:00,77,36,5.21,12.17
2024-05-07 14:57:00,77,36,6.95,14.77
2024-05-07 15:57:00,77,42,7.82,13.9
2024-05-07 16:57:00,76,42,6.95,14.77
2024-05-07 17:57:00,74,39,6.95,12.17
2024-05-07 18:57:00,70,41,5.21,11.3
2024-05-07 19:57:00,64,52,3.48,8.69
2024-05-07 20:57:00,62,67,1.74,5.21
2024-05-07 21:57:00,59,77,0.87,3.48
2024-05-07 22:57:00,57,72,0.87,3.48
2024-05-07 23:57:00,56,75,4.34,6.08
2024-05-08 01:57:00,54,80,0.87,4.34
2024-05-08 02:57:00,54,77,2.61,6.08
2024-05-08 03:57:00,52,94,1.74,5.21
2024-05-08 04:57:00,55,94,3.48,5.21
2024-05-08 05:57:00,56,89,1.74,6.08
2024-05-08 06:57:00,56,83,1.74,3.48
2024-05-08 07:57:00,58,80,0.87,3.48
2024-05-08 08:57:00,60,75,1.74,5.21
2024-05-08 09:57:00,62,72,3.48,6.95
2024-05-08 10:57:00,67,61,2.61,7.82
2024-05-08 11:57:00,71,53,3.48,7.82
2024-05-08 12:57:00,73,43,4.34,11.3
2024-05-08 13:57:00,76,38,4.34,11.3
2024-05-08 14:57:00,78,36,6.08,13.9
2024-05-08 15:57:00,78,41,6.08,13.03
2024-05-08 16:57:00,76,46,6.95,13.9
2024-05-08 17:57:00,73,47,7.82,12.17
2024-05-08 18:57:00,70,49,6.08,11.3
2024-05-08 19:57:00,65,64,3.48,10.43
2024-05-08 20:57:00,61,74,0.87,6.95
2024-05-08 21:57:00,59,80,2.61,5.21
2024-05-08 22:57:00,57,84,2.61,5.21
2024-05-08 23:57:00,56,89,2.61,4.34
2024-05-09 01:57:00,56,90,1.74,4.34
2024-05-09 03:57:00,57,92,0.87,2.61
2024-05-09 04:57:00,57,81,0.87,4.34
2024-05-09 05:57:00,56,82,2.61,6.95
2024-05-09 06:57:00,57,78,2.61,6.08
2024-05-09 08:57:00,60,78,3.48,6.08
2024-05-09 09:57:00,62,73,3.48,6.95
2024-05-09 10:57:00,65,66,3.48,6.95
2024-05-09 11:57:00,69,58,3.48,7.82
2024-05-09 12:57:00,74,50,3.48,7.82
2024-05-09 13:57:00,76,42,3.48,8.69
2024-05-09 14:57:00,79,35,3.48,7.82
2024-05-09 15:57:00,82,33,5.21,9.56
2024-05-09 16:57:00,79,42,8.69,18.25
2024-05-09 17:57:00,74,49,7.82,14.77
2024-05-09 18:57:00,68,62,6.95,14.77
2024-05-09 19:57:00,63,74,3.48,10.43
2024-05-09 20:57:00,59,83,3.48,6.95
2024-05-09 21:57:00,58,88,1.74,6.08
2024-05-09 22:57:00,60,83,1.74,2.61
2024-05-09 23:57:00,60,82,0.87,2.61
2024-05-10 01:57:00,58,84,1.74,6.08
2024-05-10 02:57:00,56,86,3.48,6.08
2024-05-10 03:57:00,55,84,2.61,6.08
2024-05-10 04:57:00,55,81,2.61,6.95
2024-05-10 05:57:00,55,75,0.87,6.95
2024-05-10 06:57:00,58,68,1.74,6.95
2024-05-10 07:57:00,64,64,1.74,6.08
2024-05-10 08:57:00,67,62,0.87,4.34
2024-05-10 09:57:00,70,57,1.74,6.95
2024-05-10 10:57:00,72,53,4.34,9.56
2024-05-10 11:57:00,75,49,4.34,10.43
2024-05-10 12:57:00,78,44,5.21,11.3
2024-05-10 13:57:00,79,43,6.08,13.03
2024-05-10 14:57:00,78,46,7.82,16.51
2024-05-10 15:57:00,75,49,6.95,14.77
2024-05-10 16:57:00,73,53,6.95,13.9
2024-05-10 17:57:00,67,63,6.95,13.03
2024-05-10 18:57:00,65,68,6.08,12.17
2024-05-10 19:57:00,60,80,4.34,9.56
2024-05-10 20:57:00,57,87,3.48,6.08
2024-05-10 21:57:00,57,90,1.74,4.34
2024-05-10 22:57:00,59,85,1.74,4.34
2024-05-10 23:57:00,59,84,0.87,5.21
2024-05-11 02:57:00,59,84,2.61,3.48
2024-05-11 03:57:00,59,84,0.87,5.21
2024-05-11 04:57:00,58,83,2.61,7.82
2024-05-11 05:57:00,57,82,2.61,6.08
2024-05-11 07:57:00,62,73,0.87,6.08
2024-05-11 08:57:00,66,66,1.74,6.95
2024-05-11 09:57:00,71,55,1.74,6.08
2024-05-11 10:57:00,73,53,4.34,7.82
2024-05-11 11:57:00,76,49,3.48,10.43
2024-05-11 12:57:00,78,45,4.34,12.17
2024-05-11 13:57:00,79,43,6.08,11.3
2024-05-11 14:57:00,78,45,6.95,12.17
2024-05-11 15:57:00,78,46,6.95,12.17
2024-05-11 16:57:00,76,48,6.08,12.17
2024-05-11 17:57:00,72,54,6.08,12.17
2024-05-11 18:57:00,68,62,6.08,11.3
2024-05-11 19:57:00,62,75,4.34,9.56
2024-05-11 20:57:00,60,82,2.61,6.08
2024-05-11 21:57:00,58,85,2.61,4.34
2024-05-11 22:57:00,56,88,1.74,4.34
2024-05-11 23:57:00,56,89,0.87,3.48
2024-05-12 01:57:00,55,94,1.74,3.48
2024-05-12 02:57:00,57,91,0.87,3.48
2024-05-12 04:57:00,58,87,1.74,4.34
2024-05-12 06:57:00,58,86,1.74,5.21
2024-05-12 07:57:00,60,82,0.87,4.34
2024-05-12 08:57:00,62,78,1.74,3.48
2024-05-12 09:57:00,65,72,2.61,5.21
2024-05-12 10:57:00,70,63,3.48,6.95
2024-05-12 11:57:00,73,57,2.61,8.69
2024-05-12 12:57:00,76,52,3.48,11.3
2024-05-12 13:57:00,79,47,4.34,10.43
2024-05-12 14:57:00,81,44,6.08,11.3
2024-05-12 15:57:00,81,44,6.08,13.9
2024-05-12 16:57:00,79,45,6.08,13.03
2024-05-12 17:57:00,75,51,6.95,12.17
2024-05-12 18:57:00,71,59,5.21,11.3
2024-05-12 19:57:00,65,71,3.48,9.56
2024-05-12 20:57:00,61,80,2.61,6.08
2024-05-12 21:57:00,58,89,2.61,4.34
2024-05-12 22:57:00,57,92,1.74,3.48
2024-05-12 23:57:00,55,95,2.61,3.48
2024-05-13 01:57:00,59,90,0.87,4.34
2024-05-13 02:57:00,59,90,0.87,3.48
2024-05-13 03:57:00,59,89,1.74,3.48
2024-05-13 04:57:00,59,88,1.74,4.34
2024-05-13 05:57:00,59,87,0.87,3.48
2024-05-13 07:57:00,61,80,1.74,4.34
2024-05-13 08:57:00,66,72,1.74,5.21
2024-05-13 09:57:00,68,69,3.48,6.95
2024-05-13 10:57:00,67,69,3.48,10.43
2024-05-13 11:57:00,72,60,3.48,9.56
2024-05-13 12:57:00,74,57,3.48,10.43
2024-05-13 13:57:00,76,53,4.34,11.3
2024-05-13 14:57:00,76,51,5.21,9.56
2024-05-13 15:57:00,77,48,5.21,12.17
2024-05-13 16:57:00,77,47,6.08,11.3
2024-05-13 17:57:00,74,52,6.08,12.17
2024-05-13 18:57:00,69,59,5.21,11.3
2024-05-13 19:57:00,64,70,3.48,8.69
2024-05-13 20:57:00,61,77,3.48,8.69
2024-05-13 21:57:00,58,83,2.61,6.95
2024-05-13 22:57:00,57,89,2.61,5.21
2024-05-13 23:57:00,58,84,1.74,5.21
2024-05-14 01:57:00,59,83,0.87,3.48
2024-05-14 02:57:00,59,82,1.74,3.48
2024-05-14 03:57:00,58,84,1.74,4.34
2024-05-14 04:57:00,58,84,1.74,4.34
2024-05-14 05:57:00,58,84,0.87,2.61
2024-05-14 06:57:00,59,81,1.74,3.48
2024-05-14 07:57:00,60,78,2.61,5.21
2024-05-14 08:57:00,63,71,1.74,5.21
2024-05-14 09:57:00,64,68,3.48,7.82
2024-05-14 10:57:00,67,63,4.34,8.69
2024-05-14 11:57:00,70,58,3.48,9.56
2024-05-14 12:57:00,72,55,3.48,10.43
2024-05-14 13:57:00,74,50,5.21,11.3
2024-05-14 14:57:00,77,44,4.34,10.43
2024-05-14 15:57:00,79,39,6.08,13.03
2024-05-14 16:57:00,77,42,6.95,13.03
2024-05-14 17:57:00,74,48,6.95,13.03
2024-05-14 18:57:00,68,61,5.21,13.03
2024-05-14 19:57:00,62,74,4.34,9.56
2024-05-14 20:57:00,59,82,2.61,6.08
2024-05-14 21:57:00,60,81,3.48,6.08
2024-05-14 22:57:00,59,81,2.61,5.21
2024-05-14 23:57:00,59,81,2.61,5.21
